,uuid,username,salt,sha256
0,004146a6-adcc-4e3c-87a7-bdd4f6d51980,purpleladybug747,O1WX4mYX,1310e07ca687efc42d309c8e47db2b4f8b889e6b397b1302af974ab39fce5038
1,a50bbbf4-ff5f-4d4c-8a37-b5f1e071058e,crazytiger951,edvF34H5,96803846ab1675af91e583822d7782c799201dbba79f56a32d462ebe59fb4164
2,ee4efa5b-36aa-4c75-a880-ea61c8e372d5,goldencat960,sQBWqbJ5,e60beb6ec056df36d5072d7062e67e4542095cf5343ad5381f71e2ed72178b3a
3,144310c4-b7c4-409e-952f-09598bb17776,bigladybug337,IWCJ9Gbt,cec171fe21f4a7c972ce731ffb18d5747336fd440f5083366d0f3f9e8b1ced18
4,f5d50736-3817-40a3-b630-2b62219c79f8,lazyduck756,LGHGaWda,a04382f5508add90e9eed55c52fd85b97ca16d4a57f12796faf898342bd4e261
5,31749d77-004e-42cd-bda6-1b82fe5f130f,lazyelephant282,cpZh7BXo,e1b580e3644ce9a3c358a9c535e07a157392cbeea4bdc0c56200476dfd4f3dd5
6,35e2d86e-8abf-4988-80c0-0d73b2717416,tinyzebra648,nT4Rz8po,f3822aec77607d1869a68023bc2e9c75621706af16d23378949935883b11fdbc
7,12e724e9-2cdf-42fd-ac1d-b5b49e04d1f7,whitegoose283,hPzZquI5,bada66fde0fe1b0bb529032ad49cd1c10f1ebe88203e494b7ebc3baa50289739
8,a833c061-11fe-4736-b84b-61928969ad0b,purplefrog462,vxtIDtMq,7b06f99a38eed5bf142307474855968cbec0675a00d01d1e2ed10c4cf2bd3e4d
9,f7dc43be-b6f3-431e-b912-89476b8dc1ba,redgoose818,abeAxYwC,01c32907fd7ac0aa1450f2c1665d17113fda49ea3f9e3208984679c97a621fa6
10,3f665bdc-9a77-4148-911a-6d459edf5329,lazyduck376,A7US4Ij8,40c2b6164590e0cb2748578b4ccdb3a53eb5e4145854825ddbf1414164c86671
11,3e6cdbc6-3dd0-4162-a448-b596b7428856,silverpeacock737,UQhJ8u6n,8460e4af2763d561484074a78d2d94c4b94ed1800f9b94c0d27ebe55e8ee30df
12,7494ca56-1738-49ef-8fc5-9d000dcaeb0b,ticklishelephant140,fczMrFP8,80a5420ebd414ce95caaad74cdba352971f621c1361f3cb402324748fd72eafe
13,79e3a121-d658-48a5-a001-65d57ca5cd45,silverlion170,yK996atY,0cb583c3d91a2ac038484636fd83a7b2421ec48513c4d4c3af6a762f866e4026
14,cd7fbd0b-8509-43b3-98ae-4e5ad28eb7c5,tinydog570,bVSqJKlM,cd678258865d3eadf85d25336a66022361695afb4df7d0eb88cc44819ed5791b
15,a46fbbe8-2ff7-4345-946b-076ffa51fed5,brownduck270,rFyJ4k4k,a537018d92924f1c1c57e9e694e7133859a80fd7504e6aee0f470f0209c05f0d
16,ace84242-c40f-4345-80d5-cdca19f5e39b,lazybear159,fH2ofHRB,2c10c4621e411a2ff016c254e908406581b1295eae9b12532b7de4d1b21f029d
17,cef90637-3bcf-4cb4-84a1-557dec3f3c01,yellowdog742,ZPEpXKUq,7dcf17b90989b05c16df84b25f2dfdf48a5eb59d9ff84a93f7b82e4b25030eb3
18,6310df01-1069-448a-b5d3-0322890b8b71,whiteostrich352,ra5bcMBc,f60cdf4fad6983a30afc3c8a01c2875672fea230a7c5e6cca64b165822c38023
19,e38ca448-3999-4759-b8fa-4c69ffe05c3c,redmouse940,xmHPf2Yq,50b2450b00e6640fa3b5e58619c6a92656cd31e9ff56572d37a4f6c6d40ecb95
20,bc5282e3-f651-4b4b-ac64-f551951fb1ce,bluelion232,kWSEmo9v,fc0113998cbe7ae53cca5cf8c5969f466a1531b1599034c10ebe7b00238a8a56
21,5f7093b9-a912-41da-8f56-4ba3ae052d4a,organicgorilla298,Nuu40EdJ,2fa8d37b8c52d684ea3392072d240b9abdfb24d5080db2acc04d198399f79f08
22,cc9142ba-129b-4788-85f4-6d28035770f7,biggoose106,2XwczqVj,b5923dd3e522a2df076761666de64a361ea6901b0e45bd2a7ad0f6ae41da72ad
23,7a81a346-a3b1-4164-971f-eefff1ce8e27,sadpeacock783,4ZpzF0NH,c8e41d7ceb665cd7238aa476b4bb8fe5a8c576ea481857b24e47e95bd9b16218
24,d856bae2-18ce-4885-bb38-bf16a56b162b,tinyduck836,sFsXMcc0,f9e056ab52768d78708d0a6605f66530ed17e13d76f47ef69482fdf045806457
25,8dc55a28-edda-410c-b499-39dd2897514f,bigbear484,u1zmrWZw,81dec73195514b6d93e85da87db7ee4d2882d575acf4d9159e1cfdd3e799bff5
26,e1e8d777-456a-4bdf-9fc1-e408d944869e,beautifulduck922,6WFIf7jM,ba83b254d31b6d2dfe88d3c60eaca95eab5e38d380290f35003155f78b869296
27,22333041-a46c-49e5-b7c9-714c06a3da7b,beautifulcat846,fc9loWWN,097a2d6eba882f24387ea8cefaad17038bd7b1ae3c310f3cbfbb684a2623c778
28,7ff3f18d-318b-47f8-8164-87d0cde1f0f2,blackbird916,FDnC1lRO,9f2fd4c4df8440ba4f856fdb52e5747664c600d32e36d2ba7464741bebda0da2
29,f879d02a-fa81-405d-a7da-73c9b4bf3b13,lazycat416,PAWn1Snl,8cdeadc75490a0df9cd261273bbe56894b5c6cef315b16da50e6a8ec67fb0bf2
30,3250601a-1f58-4dd4-b023-7edfaed2e650,biggorilla722,oDoRRdK1,e02cb156f68f8602ebfa1f62a655cb7a3233f10e7b149861e3708e120ef1754c
31,3440e009-70ef-4a4e-82f0-3c515bcb448f,organiclion200,rNIkqwXj,e65a2d68deffd71170f30a7f5e7dc6771748574bc6b9bce5045d9135a5968ee8
32,234f7362-9188-42f6-b8a1-dc41aaea3e30,goldenbird246,OkIjRiZ1,acf824f8d48a7b7a22ebe18304e44137420af269540b9e749f6e7e9dba3e9ccd
33,f4e3695d-9309-4e94-af70-0362272cb733,goldendog943,PT3j0haz,8cc8d8ad99b779e0878c2ca7162ba78c163fa36efd9a85d228155fadb3edb292
34,52825cc9-c365-472a-8248-298900adf3cb,ticklishmouse111,VQ7398S9,44e9b325def6b237bf8acc6706b2cd1ac75ffc0488efffa3056730932d5e24df
35,505a55ef-7095-4963-a17e-299ad5669a2f,blackcat811,OSjlH8IG,300cbdee63fbbe789609f23ca45a743a025ef771482a281228f763413041d6a2
36,0762a772-5e8c-433d-8506-4c24260edae1,heavybutterfly544,S7awjFCj,c79b2bfe39f1f9ed30f4119ac0c14d6f43a77af69e2e31b44b98e3df82804dbd
37,c81d9420-d5ab-4606-b735-086112ed368f,lazymouse154,VQ7Yw4yE,44e2e1b422d3f138b9238bb4c08d23829ecbfcf94e6944395e4c48f18d55f7d1
38,fbbc64fa-fd6d-4f55-a8f2-5a60e4702a43,blackbear905,hrObvuEX,ef28feecf63004e5e2057f33e3d88c46a2c97c8c0f134d7bbae423bc1d1f6bc0
39,0e24e254-6ba2-4e04-84c9-00f7e3d475c4,lazydog479,j0ToHFpg,2ed9ba228ee66e992c08c3379fe4f72cf345341360bdc01520b318af9660f0c1
40,3f9c835c-4b1d-419b-8d8a-8757cf5d634c,heavysnake994,FPO7jOcN,e9703316140d11d8a749a4a95a35ff1622f031c649d74e285d9800dd25d24956
41,e106bf11-6831-4421-8a6c-364847e48637,browngorilla407,5xuuAldt,dc848ea7dd2567190ac4d7808e6c6a63e6fd409e23314dfa60dde8aaa2a0c9a7
42,b54cec89-1f29-4803-a825-2dbf595c2aa6,bluefrog417,767jBIwf,8f588c55bc6d4129fab1db72a78a5eea7630548918418e57cbb7a63852844a39
43,6278ec7a-b375-4590-8a10-f23cca012d98,sadbear279,pvHP16xr,9f7c02c7ea01f8dcad7f0500968c16977922f327b586988169698e7d3c3281b3
44,5a1ac20a-c3ff-4b2b-b7af-fb98ffb41549,sadbird976,gSP4jvH8,54aacf20ca55dfce10bd57c00f4659e2a2f6de621c5f64b920fa5ee851019dbe
45,8008737d-3bae-420e-bfd5-c65cf1b8ffa2,brownladybug375,5YPjH4YF,ebe308fda148063b71ce5421c8cdda53b36f39055d7288ff4e6ad6bbb12518d9
46,6ba71ace-c06b-49a6-83db-33d725878617,brownmeercat105,Oe74WSir,c41acbd7765b7bcd648a55e7bb4fb30081bc6becc96f9ddeae0cc81a3dfb1a6b
47,7c6e2002-f3ac-478e-88b8-20399373bb09,reddog758,vSWlrlmL,f83e12533958ed43feb7c843ce4c2f1e5533f3aef5ef21cc8c7124e77a07853f
48,16bcc89a-9361-43da-92ac-b01e11799a0e,happywolf418,aRvA04Ky,82704755a6a05b0bcdd458394b6052c94165808d84ac0dd77c684fba1988cbd0
49,39ed16e8-29ad-43d0-9ba5-f2fe471bc667,bigrabbit571,uzuSWunH,f8a7c6fbdbc3154abf0800283ba0208858f8e6509adad45541408e79648cc4d4
50,57775579-3a24-4bb1-8f9b-0624f3559d2c,whiteduck545,FmHrqdP6,72cb82556a2482681f854d8ee3ba89de5c7ce98cce30f1bf4888a6a5e97c31e2
51,dba38ce3-d5f9-45ad-b242-cf3bfcfff9ca,purplekoala331,GSnCSXoi,a1869e891b71b28fcd6f440dae355e4bd05f94d7b6f9e191f6396dfbef230999
52,c6c722b6-6d90-495e-b1eb-a97a82cf7ea3,bigfrog179,8AAILL0t,7f507db6b08b380297aa4d0993891a53b874d973345e91ff17ab400c473c69bb
53,ec335a86-895b-454c-a4a9-245c28981572,bigostrich944,sOhsONd2,78b5825a33cec8f760c403411a556fce4d3b7043d522f5986b6c69976c99fb82
54,c9a3f0a2-400f-4069-8975-74bea2f4a803,heavysnake223,kFQKZomT,35dbbed54c18a44b40d0ddc76efefcd6dade491be3c73c95df82c19047f6802f
55,fe43e679-5dc6-40bb-95c0-597e7ca117aa,happyleopard111,KLJ3NIGT,7382af81a5e3e8b566cb771aea2e30be7452c193a386983ef592d792e4cdef68
56,f008eb83-a895-43de-91a2-8d4057f86a15,goldengorilla565,9e91jI3t,7dca50852db59245c798bf42df394025fec67aeb1001308728145ff5c5a31b9c
57,e595e627-3ad6-41ed-960f-b98bd31d44d1,blackbird115,ulAc8St7,f6aca6e9e12b3f90f491457e6244a90e8eb0ff25139107ffda2bc7fbb4e4fe23
58,067de89b-2d13-4f1d-8633-cb8d0e4880ac,bluefish531,c6AsRYIM,d849104be1ae46f81018477e578ad94951b67e7957ab2ef2bb031cade8851325
59,c8d6046f-5a28-42b2-9dc4-02c87a8577bd,whitesnake348,rsuivnCk,eaf8b472e73f70ecf02d380b6539450ab810ee9123de33098397ad46e5dc5558
60,319741fe-560d-4810-a675-abe2f106e52e,redfrog748,jPd1m8jQ,d5b11417b11c2f3a5313e3a5ccbb3c3a4aa30dbc8976d74cf601ce3cf3c663b5
61,7f81f72d-60e1-40e8-b2fe-d2bcf4c6fe18,whitepeacock758,RclcmhTs,0416022227781a8ba8abf3708cb63b10d7dd8bc14f8cd2756cc5fb012f305101
62,d8f9cafe-ffbf-48d9-8a24-317b2a4be4ab,bigsnake737,wuMyPNES,130c07b731a8d273f7ec74ab6070a69928849cf8287bfe6ff32a2522f34cb7b2
63,b0e80e2b-17d0-4a32-b8ab-56eab228f887,sadpeacock350,Fm4Tzitd,16e4855adffe8351bedd674b10eec4c64f68d005a2d4afd14327bd81f524914d
64,c9a3a07b-7096-4c0b-b8a3-713904ebf236,angrypanda958,iroSVI8W,f8b37d1499a0240bacea897723f6f0282b3deb9b3674666b8db486163a800466
65,a4540be4-0bf0-4528-b207-17689cece9ae,greengoose654,C3SeVu94,c12ac157b988cebe8609b20652726ba578f13043fbcf20e804795a2ef94f0426
66,4c62311f-2f9e-4139-a1a0-bdcafc5e6797,beautifuldog372,lEeWRrA4,17d651e2b5aaafb0a6d1c4a4051c71e734b7f842b6cbc5d5c09637a857c6c4b2
67,eace2f7c-f62a-4395-bc0f-38a16d67ba7f,purplemeercat672,ltqDde9W,f2e1e1b9ca4a63a6332c2e5e0d4f2d04fb842d98180ac4660a209734f4b87e2c
68,414a0557-c420-4ee0-a91b-039b3d8faa59,happybutterfly948,E2cElOTm,72b38123b8657614819f9c5fee508ad300dc674953a5c1be98ac169a5754e171
69,67bbed88-f554-42fb-b883-1c726ff4dd65,greenbear434,8OTo4ABp,97f41e27fad84295c4a26055a3a5785bba0e5fd41a6152d03d7fbfc2a510e2e4
70,c0c88043-fb1e-4c0f-9395-0a6215e2dee3,blacksnake411,R6PVY1lc,23ff9876aaff0d6ecdb3acd36102ed6289c31c00d6d60f16dc38dd7a4f20a4b6
71,af2a0a57-dfff-47ee-8be2-f26071616b7d,heavytiger792,Uv92sx0e,e91f5fe50c61c6b6fd5b030a268eb90a84cc15de9d77fd65bc1825b662100a44
72,b6b2aec7-8422-4aab-ae55-56305d465f29,lazylion565,8g0DQXx6,e08f26d255f7e17143923718624a8f2501230994723d53a3508e6c116683a8c7
73,976b5668-a82a-437d-8d24-84a855d638ee,blackelephant992,Pmin33KC,2d90b1c11528c38e803b769e8b5667fa3f938b4554fba61d0e6662da80fbeba2
74,68512345-e71c-467e-a119-ed1171072518,whitezebra831,Ys2SKjst,9d1a4e0f81e8d02904af577ad8f21b6caf7c8d8c7ac1334fbccf145f94d23fd5
75,71c44a23-58ad-4e54-ab03-e2a0d948db4f,redtiger185,kp9kp4Sg,c0f49ca24af50b4f597fd5cd4247ad0aa6a75d874f9a8a65317be5a05bdf006a
76,8c838558-7032-4147-8229-1046e11bae25,sadbird264,marshqC5,1d2aa0481d88e0d3c153065d9861df25038a891567f88d985f94cac40fcf4263
77,ab1fa5d7-933f-44f9-8824-1c0c76f3dbd7,biggoose305,CNFvguQT,216fd6678696ac10ad43dc46775d376211b86cefc2f65a03c2663639ef5772c9
78,c4c5b8e8-d394-4eda-a8ed-823746ec7d42,heavybutterfly123,wCN5JBRo,527b2d5827d0900761a1e06a5eda5a2cbbb7b1c1bb112e500c1ab1c8de40c359
79,221c1ccd-ad8c-4986-822c-2237a1fecb24,angryduck366,TFdMBL3k,a13a822107d0fac184c2c732a49c0ad71bee9ef8a30b051c99966244a211a4ae
80,904b2179-27d9-4806-bab1-b7e8d329acc3,greenleopard894,Wsr6YlWR,dd73ba0dc8a4c113208d239f054debacf6935e8ba7c19a475919c0538fdb6b37
81,c5b185bc-2423-490a-ab4f-e639155d6902,happypanda689,2SDHmIYV,6645c8c4377504a4148f769e2e7c805cc8dc336b08fdf2157f7e3371d770a228
82,84e29097-069d-404f-90b5-6fe96d6f5a14,organicdog156,jchxgn6g,0f0147635ca5128e535f9a600ac4a64e3be7124a931d0b56ee6e025514749057
83,e453a797-57cd-477a-bc4d-835b6f8c49ec,happymouse310,VKbXmVcL,493d70adc1bb67de643d77c79c840d4435d9857374bf63038a4cacfff9706682
84,e2896f7d-afd4-4fe3-aa8d-d92a4f8e5c7a,whitegorilla699,bUocq0SM,2901e1e44d9f034f5c937970e537a936698a5961bc73beade005c722548852d3
85,7d390ebc-d0f6-478c-a400-992b428a7b5c,angrytiger973,P04215Tz,1e34373899aa7a6f6ffdf8c4988c05b9c5d5f8cc3077d51dc05d40ed7fcff08b
86,a60ef5ce-8c14-446f-b6f0-e21a61bee494,silvergoose222,6oLYBn1D,1ff90485205bfd5602a055765b3447112e47c346243979f40e382bd708b22566
87,f87b8cd9-9908-4270-b046-974ec47b9f26,bigsnake773,LQ38jH5f,d9bd72c7eb5e95e5fe7f7f9262216d32619a6475e24d91733d90314ac40e339e
88,51f9f7ee-565b-4c53-8e1c-85f2e243bb9e,greenmouse905,tGwoSDCL,dddda615cca6c3496db5bd4c180f83c8bce2b5ebac56c857f005503dc37d148b
89,d8317339-3275-48ad-8298-38440ae1e373,greenbird442,iLyF7QKQ,7a5d0590271675ac73adab2fb3dd52af8b889cf048d8ce46915b2a41e6dabbfc
90,720d2659-0b2b-4cf2-8413-817d79a8e6fc,brownfish551,2FXL19Jt,aca67264a109f606d44b34f2adc2522614e6febb423d86d735cc1836b0ca61f2
91,27898b37-bc32-4496-82d3-079e1eabdc18,yellowdog275,ESZsZhU9,93e77bb2a089000199e3d141f68b00ea7d07d792f96a8aaa2d3b61b78735eaea
92,edf17f56-7fe4-4621-bf66-999f5315191e,whiteelephant392,AF1pMRoZ,d79c834fce8d6551ca257214ee6aa88cd4c22b74610f2c6a5c053ee7b403a67b
93,524f8e55-2a54-4539-99c8-5b415393a4a2,purplemouse604,oamI5hqu,37f8a38bf2c3c5c90ec545d3812a4ffa7dbcb779790ca9ea611f0555947987ad
94,a1d21af8-80cc-41b6-b62e-db53ca21ce34,blackelephant130,StsNIZGr,a5ec46183c35e18c14b209dee2ca2b5fe6f32729e8d19b8d089df4ed4195db7b
95,a7e5774b-c74a-45d2-8a9d-33be7d2e29cf,sadbutterfly167,6LGGdjQf,bffc452a0f44bd87f66c8699ec020a418c74cd29673e787ac7cfff2be5aca68c
96,9ee8f296-bc38-4f25-b08f-eb1fc0999ea8,purplemeercat932,t7Pe5W7L,1e125c6065a51db29e6e3618f657786c66822b349217e92959df76bc3ec6461d
97,26806858-8eaf-4483-a2fc-7ee5e484cfe0,sadpeacock927,sGBp51f6,76e1c071cd18da5d674e1b11e1839d21ccdb78f017b6f28e8c61e5a74833b34d
98,cf91bf1f-d29e-45a5-a8b6-1c0bc8948cc6,silvertiger297,Z85x1ZK1,b42d88c1335124a2d0a1f02ff88c904cd0d6702c7084c522410c0e32132d4e36
99,0975f93b-6d68-4b46-ae7b-dc412505360f,tinymouse920,npoQUJ7x,df72af50a966ad75bd43c8f2a63777c8d95e9f654be2a06b4113e4fae13c7819
100,f9210eed-0199-4e26-bc6f-e4618bf642c7,goldenlion348,YcOIYxSH,8d751eea48defc88af5fc787bddb9007b118f34b8c6621f7575de252edd70239
101,b3b10e64-bc89-4334-b5fa-7687d8e1d539,yellowwolf451,Nvq5wNC5,34ce20c47883d9ac29486414bfe99d07e8af1dbbea3ad3f056f0226545ec5c01
102,791dfcfc-6066-4da5-8452-53725fc4551e,silverkoala966,eHZRtkYG,1a95f84a923be073a8c0eb5d22b55ced0614065d5309f188346614890f15cca5
103,5ad1d509-6dc5-4533-83b1-7c5d4b6df411,heavytiger509,qsUqgLzt,cfad162499a0589895c12452d8353f5a1d73abe5738f5c20622c4d9266655a52
104,c6cb2a0d-3f2a-45a5-bf3a-96ce6fef0d33,smallbird110,ANfxKgTD,66e455a37961b49ed6d9b2cd3fb82ab380a57f0969e0c68270c312f461ecf050
105,4bb558a1-e2dc-4c3b-8b03-031b44ecbef5,blackbutterfly567,kWlSi3MF,37686db467537cb3e4595dd96e30315a7d65bcc69a8b46d920decc8afba421c8
106,ec26d471-34cb-4bf6-835e-a64cc509a559,tinyladybug369,RhqjSbXH,bd72ea76fe59a3757ed82604c8832358d0e1b8d88a8e9b42f7e0279696ef0abc
107,a7b51db6-113b-459a-a752-fecc3dec36e0,greenzebra408,tsGHSCfK,ac43abf060b1a30f4a4871914cb96c700d64544d52a04521c4006893de14a950
108,7c33c3ce-235c-483e-b625-07bb47d893a1,browncat128,4S2Xr5qa,c771644d98bda54a2f68f95cf2c4d3fffca53b0aa184de443fe73df74aec092c
109,29c052e2-1bb4-45ee-95fd-3a87ba3729f3,ticklishostrich298,A6Z8bSjA,c828b2d00303e68d3413366b55c7ca0ba2f3f1f662e7708b4f21335a5ad978f7
110,3bc8fc80-bfd9-4c62-8556-291d5dd1d616,angrymouse933,sl8TfUrZ,ebc6606695c3a9d4d76c39ac636e68eab73cf1e4e8248e10482cc182ed5d085d
111,3972570e-add1-44e8-a735-9f1a9bfdcb9c,goldenpeacock920,M23HAZNr,6d840d2a3f722ac9794ae428b796af4cf59b48877847fbe016e604cfcf674ebe
112,fd318466-a1ca-4f25-b093-50877bec9ea4,angryostrich341,2USekH5X,097c1f0c24c3d2e7c105bba001766313a47336dd5686d4c75e1a8903c53623c4
113,2307dc1a-0a19-47cc-ad24-1501e770276d,crazymeercat834,Rb81Sy8F,da9c0316c0c885c72fca64c45f53394d5d8ebd678005f11d9f2aa69668253b12
114,a10105ad-370f-47fb-be94-99547479cb41,goldenfish335,fpqU8JLm,96eea9585afb690a1807d01c9bef07f74b8bb14dfd37c48d88e7ce62a3ec66a9
115,86c8cf1c-31be-4746-83a8-45b47eb1c5fe,tinyelephant492,kbCpUbSb,b53397a3038234dfa5e12f17891819511ec8559ed3e98c43d0b2c62fbc67870a
116,5967162d-65f4-4f4a-9905-ec49ec4d1617,purplekoala398,uZpRXfcW,13d722aa8af1d27a4d931fb2de22b6a04d9946b50aa5ce51805a41473bda074f
117,2271cb46-e012-44ec-9655-05e5bbeb6ff4,yellowsnake391,ttmsslsY,3f25160cfd156d987f2a2e7675de086a88c0f7f4654fb5016c90045bdf261c53
118,7049d5b5-f5a9-4ca2-8470-1fc5a9acbd62,orangeleopard294,gjlSRMMh,b87ddb584718e682e59bdbddbec09e7b21e6db41211e3922c07d2abae67975ba
119,06ec9d9a-b3ee-4189-af1a-8627da7ad37d,lazyduck346,aqBMXhfT,2f0adaaefd1c3a8ccc14efb8a3597dedb08ce93829f43950459feee01fe552bc
120,2ab3361f-4227-4cef-9e1e-1d1023ca4a28,blackpanda788,3s3DjQU8,2fbe93505b6b58a8a07e9bf4b6728dc51759be55894d6f6655eb38e8a9181834
121,594a2724-fab3-4e67-8850-5bacdeac10b6,heavyfrog454,6Ci6ij1v,1067912035345b14a8bca56dd5f4e65b510c72a4c675a35cf2fc5d3bd42d6f9d
122,95e5b070-c33b-477e-9a57-84016b0d5081,bluefish892,NhycvEol,e0ea83c41c2ce76dc2f817e00ce385d27eac39507133823a602f7213fab03abb
123,4294531c-fed9-4ac0-950f-f5caab7a35f7,smallfish645,cT89Zl13,8300dd566c952171ff412f98b22728ea55483efcc89a930d27606411806bcf11
124,e3eeaf9c-529e-4068-83d8-83d7b6579033,heavybutterfly719,QkG2VdL5,90ba36a31a38bf50fb965d81e6d2075b9cf25122408acb91a08a5ef44f111f27
125,89c06deb-7742-4765-a6c8-754e81ab7262,orangemouse117,TB8lweEf,721342e29c92fef243926bd7bc936cefa1dac91a6bfbd1f8308d3dcba4b8f959
126,2b0723ea-3e0c-4fc8-b176-23eadd7e78ed,crazydog558,LGaC3bc5,e95f74aa79074cd5dee4bdf4a15e35c3ce049232c0e2f99f50dbc2d676f98469
127,bbeaccd2-032d-454a-bd8f-3b664fe74d35,organicbird748,Zlk5tN5W,e9b56f80d41cbb485b9cea8fbd0196715c0d22fcdcebf5090328afb8f8a125c6
128,4c5e528f-0e8f-4fb5-bd46-f127ecf01c5d,tinywolf523,U8irKRAG,44f3e618ff4ea8e56248b68f59439d37599ecea3d4455994b7c7e58475b22f46
129,c4adaeae-557b-4cf5-8032-82990cf1f7ac,ticklishsnake416,FN8J0eny,20e96c43767331c112ed394302c03ab7bf808343726a716a735aedae1782ded1
130,879899d8-31e0-4292-85ca-b50d74fc33e8,smallleopard730,YAhF6x9h,0b351c7915fe46ee5bf2523e3075872658a8bc9ae317f0644d42d35d3b836a51
131,adfa323e-d979-423f-800f-1dc30f2dba9c,crazyladybug291,aV8jEPrA,1e756b04ac18a9fb7f3306885d4f5d2444776d5911a17500972fec26b17674eb
132,694bce73-4d8b-47e2-8ead-377597d4db92,whitelion338,BPrI6Lfx,c35a76525f10225c95548e4b30d4fc3b2494edb79396e2216d84b0508257dfe0
133,6ffc36f2-1699-43a9-8971-f7e7f57b73ff,crazyfrog102,Ver9zHs5,c25a160c6d303f156e58774737392daa447d24809f166770377a93c6cd30a97b
134,1addc08a-e162-44f2-8eb1-5ae1f6520654,silvergorilla413,zHzgJb4N,d23da2ba7048dbb7d0ffac5ccbbf0b38ed8a1df93942b627d79461b018ad18ae
135,60bf14fa-14eb-4a73-891d-aa093044247e,bluedog196,hcNceZJf,6be57e00bf397c9630d794f069ff9be695c12073de1b94eedaf4031e64c85ae2
136,12168d73-7e35-4cd0-a228-6db810666c8c,happylion361,I3n3Dvon,674fb7d12c39f406641edd72750e8cfc5dca76833752807345d197533aeea39d
137,7a8515bb-5153-4f7a-8bde-3fbb59cdcb86,sadzebra693,z1TqcNYv,ae5b81967cfd5d79c598e43035f73dbec79647715dd98cb3b5e8a9eebea79c95
138,e39bf0c7-28f2-4357-ae97-b35710e78f7a,ticklishpanda661,D82dj8wT,27e012d09719ce6c5f3525fea73afb72f18a55d9bc6bec9b9de135cd402a2bcf
139,e59b5bb6-af10-4eb7-b67a-91a25b16cb80,crazyduck107,Zn6kgeKt,ddaad6acc8310ddd3cc33f482b854b6cfb7d09384213623dcfaa6441d3712d19
140,9e2c034f-3b1a-414f-9775-1700fd497627,tinymouse549,n5vzprAt,28df0f3dcab644bc67d8ea3ea5ac1f1acd79c727a82abd3163614f0f42940be3
141,9f65311c-080c-465c-84ec-2cb058ee878b,purpleswan315,TVSptrDf,88fed8e9be1215771c733a1b659ee3e7b557f37f2d066e48853c2d376ce06b5c
142,b25c5fdd-cda7-41f0-9e0f-a5df5dbc4ca3,lazypanda701,4PTlAZOW,45a6a61879275e68a6b838af81fd80069adee08cb4ac923c9a4d0908c7498658
143,6db7838d-cb6b-4a29-a0a1-fb0e221bccb2,silvermeercat838,itup1SCw,32a061f3eb47b7b9825b5a1d795f4e0a1edf0065108e7a3f55e093a238de2858
144,49668d92-5b1d-41f2-8161-3e119211f1ec,silverpanda202,aj2SfQYq,33fb43d2c9ea37794dd192f1a5db505651c2fee62f094be0ddf24c0d6a0c4148
145,e4608f52-445f-48ed-b6e2-9dbadc90c3c0,happyladybug820,yEn1kpEY,0f7eccf1aae6ba1773b484453eafa23ca2be106a0162f5fb81da1005c4e4cb5d
146,6936617d-41b7-436e-8971-a0f875d26d88,whitedog907,c2JlUl4a,d19b7d22fcb8f63145848759b099a1696d45dcfa14adecd35d48a265890512e4
147,5b10c304-fb95-4f6a-8a3a-38e49f0c45bd,purplesnake804,YE4yZmD3,bf85b79d36198aab9183a128b38ebf4f5ceda0c64e69cab69ae39676da47a711
148,f5326aaf-86f3-40db-bdd0-30afeddeb690,heavyostrich568,G9n5R5fA,444569e5f4347ea57fd8715c9c8ee8b055282b4d6f36bb47f9f5a4dde86dd1b8
149,0b3184da-7edf-4470-bafd-9ad41a832109,happyduck837,tqJ4dvlF,704f06e0addc8e4610eabc823ffed3cb716d7931a745879122c49b50b8ed94a4
150,257d400e-39c7-43d7-9b52-81a4621a1e33,beautifulcat765,sXBpeGws,024eeabb6f5fcf14e8cc9446ada8e68c7cc553bdb7be4efdcbb4792f30b78f9f
151,f0d23042-d3e2-452d-9fb6-439bdf28e172,bluebutterfly289,OPg6UJmB,0170434a21c5773701e45a5fc85bd67e54da52f60578bbc15a352ae8bc477623
152,e7132747-415e-42df-ac48-1b93139f6394,bigmeercat108,rj7RuOHQ,dee1477091ab59884308eb8c3b07e3c96054f0709800d4bc8719adf4f9c0814a
153,7153b915-853b-4779-b59e-ba111283b604,goldensnake274,ZYF6lYc6,b7c542988ec620bcc835aca8d38f9eef8ae94971b341026418f803ab97ce60d9
154,d5be1465-3024-4eb0-b617-2968fa9bc516,orangepanda112,W4usLajh,741199b79b4a1d82e21089ff48edd8a287e63240822a89c52bc7125304f25290
155,32a10d6f-a8aa-41c9-a07c-2f6d4378b9b8,smallmeercat242,egvMwwDa,77056ec4aaed0d3374e45265b2da16f84fce7b8e25d7797974cabd855d9c4831
156,921a88d8-c9df-494a-848d-bff838b91e37,blackdog571,3xMSPW8b,5e7d770189c326befc89879ce6c75323fa1cdc0017b5db3d1a2b15708fabb541
157,44e36cf3-b1d5-4593-b347-57bd4d1cf9f2,beautifulwolf313,0kvQtKOo,4b61bb167cd85123a825eaff848caafd16482d5f0fd7891d56bb5e7238d5af96
158,6b349b3b-bac5-46e2-8ea2-e3e29cd12e2c,whitemeercat860,X0u54Mtn,b45029b95c7c80c45fd6c6a13a20a3701d5a0281c351234018060863544aca30
159,68d49b3d-8f35-4dae-89c3-8817631e3a9e,browntiger879,LFElumsn,22fb4d35081f29658a505ad050217cbbb917fa66804e574ef5a89651225028b5
160,7b55d094-ad26-44d9-a989-3039e24569a8,smallpeacock362,AbeF0YlO,84b0d04666ac62f4fe591fde49b83b414eb1e037f70683b63745380b362aba93
161,09fa41ad-2bfb-43b7-95c5-23d007c1b831,bigkoala497,DMZRevWD,156bea5ba782a31d10fb412a107fa5a50caf3d23d98bfe249d2b15e1b06c4216
162,b54a8d84-7240-4071-9eac-d05f2afbcf8b,lazybear790,AnnrlC8U,bfa5c83485eca3fa67efb95ed05f4b9c8427aac1cb53876f47b703c1e244eb56
163,8b534844-2654-41d7-bed8-e98802a17b11,bigswan202,F1K03I0V,917506d516feffa13c994df361a2637cf60b12ca60e963d7a07a7a35afc3b1a5
164,993c3754-0b4b-4732-8d0f-bfe855322230,organiclion609,3Jpc1ZlI,bddb34972b4c629f8ce49f0db8042a7b41e690c04948ecdbd9c7601152a0f95e
165,2cc5fa1e-cf9d-4a9e-802c-b7d8d61779fc,lazyfish618,VNCpAcPD,1a95af33c848bd3009c9640e3c93040555756068bebda2c8240705265779c7c2
166,a3931ead-7295-44bc-847f-154874ed1eab,beautifulrabbit758,3ob9CpCd,de88120bfbeef570c70522b5d8a3ed7d07ef0d7bcd554b1155fa39e64e979700
167,5dadcfac-2493-44b6-9520-30c1ac91d319,greentiger814,mmbl0n3K,4c29e963db877a3457f5f59b18d69f5788fd7226bbf35e52de7ae570578cf4c4
168,d64a5dfe-6dd9-4ddc-a3ba-e834b410f2c4,brownpeacock408,BZKWgRNb,a141a4632f1cdaa2eac9242a2710fea4263f8d1e19c438dbd6a991da5ec9bd2a
169,f557df46-ace5-45c7-b43b-b9f65e9ed2a9,whitekoala649,t6lMzViY,d9d4ef7c241bc4fbf78840394873113231570b85d92ac0dbd531d73a8e960fa0
170,72172964-2528-475f-bc3d-500bfffb0596,beautifulbutterfly549,BhQecn2s,cd8c0908c0e4234a4f4a7b1dddcc26d23a48670a532a7d67cd31c202dedbbcfc
171,190c0a8c-6b89-4584-b44e-b5cda09c6c49,purplerabbit381,NibIFYVs,71859fd1ee07c9b7d415a206ab65c45491222c6cadd60eab2284873105f705fe
172,b3c48142-4834-4f1c-9270-9df53a54e5a7,tinyzebra361,pGKxQSzv,27dabaa57a2885f5a915c355f0f8204c8fc904077d55bc4c9758f3aef19c23db
173,fe672b71-a9c4-4470-829a-8237cc73c81a,smallrabbit868,ulzPAsGB,2c7e4145dced101e1287c9f4f5dadfb9a97af6e81147de0e6d36cce375a572e9
174,74f018db-52d8-4cb7-bd45-f356660ef65b,blackbutterfly349,Ac2VPR41,c34e51cad8202ed4711f477586d2f615c155b60ce9e6f19179f62c1fb3f4b198
175,44e22d7b-e8d9-413d-92d4-b8d8144b4196,redkoala489,SttbANo9,64bc45f92aa1ddb71efda1edacbd7fb2f98b4fd552a4355212373ccc6d2c09e0
176,7e7b429a-e4da-4926-9cc2-34c5b86ffe1e,bluesnake992,Q8jjMRbP,ca3e80adbda7ed054af7186f1925edf62659f72951086486c559b85fa13431e5
177,7b066a16-91b7-4dc1-88ad-d63df0b23a6c,redtiger793,3nBZMd8X,3ab00d1e1d6bf226b27f4debc44a4c51c842ca9a8407edef046182ec58a1cb31
178,72d9ec41-0c3b-4a27-99bc-312c17d2c2b2,smallcat865,KNTDfioU,fbfc99ccdb3102a68397622558bef446eeb2501050fd8ff7a8609153bf33c01a
179,83218208-7a91-4143-83f9-dbda9a261f5a,lazyelephant242,a572EmCq,8017114ab757be088caed1c5c83eb7d2f0cc1952c13a9d2f47ace2d080e09daf
180,820dab14-2b0c-484e-b47d-2554817058ab,ticklishbear249,Njn55j54,0120dc6cdcd351102f54a8945d1dac3a6f0df98eadb4829a637649a173f80522
181,b5237c15-6257-4b6f-8954-88b71946f5dd,whitedog769,yIsILyxf,b6f95ecab0ef22d3812c8b933ec7f87ed05c47cfcc25b3d189243e2a6fa45cd5
182,aca12c7b-2957-4ea7-bfbf-1345b57182eb,yellowduck563,T3Gy4B3D,5524407a0a6b0f1e3bf6919756e29d1e500214b3bbcda603ecfc0ea7436dc1d6
183,4e40a320-a4e3-488b-8e9d-ac47811fd9d3,greenmouse299,413WsVeJ,9c78d463f011b939612ecff5d698eda222df17ada8dcaa63229e752ddb5a8d16
184,f0021b2a-44f1-4407-aedf-0b268da36c3e,whitedog187,98MIIOJQ,cadeee6727af7205ab242be71f8d2b863ac26a49efb183f29173d013757fcc8b
185,cf467b00-cec0-40d5-bd53-f7731e7e43fb,whitegoose952,y4FxuyEi,a6a491b74f42baf7ded4374c2fa80ac0c7c584ae059bf1c3b977be5b12f8cdc9
186,4df09e75-f401-4e3b-862a-48a7a732a32e,purplefish478,1hSJV1YO,182b9e03550f758458fe96ceedbce02a85dbbf0f59b496aef66cef16e4c9f1b9
187,ae715e1a-de86-4da4-95be-a9d1602442bf,organicelephant335,l1xGuyAO,2e8f154a36700bee755c46cbb19fd69b8ecebe79403c1782481deb8d3cbf76b8
188,ce82c0ae-0ab5-48f0-a611-084f46dbb128,heavyrabbit566,YX5SuHJI,7c850f6ba482f2feabe2b9160989b7288b55ff104bf42927456d16343fbb332b
189,10a4b842-7cf6-4db2-b7f8-7906cae7ebdd,purpleswan660,8i4igr0c,73851aac27bd1707713c4c96b771fe392e743d7af9889b4415e93dce4cb65fd7
190,176a54e2-5b0f-4db6-b8f4-9d065348e655,greenleopard328,Hrz2UK7b,18d1a4e4f04d7eaf8e069706163635e646bae8d3442c7309ba267e6d59d4a515
191,afd42357-0386-4ec1-83b7-9134bf993544,orangemouse827,vSBeMJAK,1b228cc70795ec0d6836dec36ad33329230bd97d7c76500b14b7cabb9ab65d82
192,9b2fc859-0e9e-45ac-a165-e5ee51b2ef62,angrytiger733,i6wR46Ms,748426dd3234f9b5d7ad71690cf76230b909c04a089a405caa3d8bac04eb8222
193,4e5bf620-73b0-4b0c-a36e-863da02223ef,smallostrich596,dZc28YCS,689a78baaa8a2cbc53177924cd3751fcac7f5b6498c60fdb0d104f18b5864873
194,f141b51e-127f-4b6d-8e5d-3bc10cea754c,goldenfish722,TelwjGgc,ccf8cab060b2f1112d9c978e690c2c358359e8ec3692ba7d3ef08f30f45b078e
195,a3edb713-71ec-4194-aab3-efd2ad5fc2f5,silverladybug693,CfJQmgmA,d75758850f9b2c69e2c779cb5b601bb2eb496168e35063f89bd91b100b98e17a
196,4434d3fd-5525-425e-874d-f3e0c9a1bafa,greencat181,BBDsqttq,408fb8634cdea190cc0d6b422f165964043908341de7938b23e7afeb93c59441
197,4dcf2c2e-9122-4bb9-9158-83ed2e408474,angryrabbit407,RAQ8NetY,2b81063908f685596fcdc2bdc9d001b43fd123be29a83e66da861ba62f394425
198,87976cb5-fcc6-40ea-bfd2-5047ac11bf83,crazybird475,UX3yGrdx,938fcfaf3b8fca73e6c76120afb9d355db1c4933e64496619d36be10532aa54b
199,fcf76c52-f882-490b-a497-816cc4ac1b8d,bluefish291,47PRMxyW,abfc20aeef40d072e58305358305f2ed99265546bdb07ff6862f1ea3c2bc09d4
200,72bbf42b-c249-4f67-9b51-26dc9065d29b,happybird194,RxaM8zv0,c401567c39d7e64d17b116a247b0ddd0ae185c6bed5832741a654b998cc3855f
201,135a553c-be72-4e22-9597-4655a2792f8f,silverkoala804,TjUrT2Wr,408bb377af4d11270490d6fc1933fc83d4516f618b01a935fb8bb73aa6212380
202,2ab0a8ba-0b3e-460a-bce5-44a260573293,lazycat441,CFppQZv7,0168116c9ba431d4ab220b50c53655bbba9b4741dcc5a78bb33a37c6c65fc190
203,39f9ed41-55d2-4e06-bc62-a6200fd2afa0,purplecat130,lzBGDBXy,d3c493fd497f44260e5be01de3a4b16700f9a84b04cc8c86d1cec7ad1d3fcb88
204,ffd2dedc-4901-44bb-9919-bb4d638e6c4a,greenwolf786,mO9Ee5Ss,2193ce6d2b7e2dc9e631167196da0740676f6f69dc2cad96f523a8a962c44356
205,636d3c09-453f-419f-87b2-8dc09ee71bd9,yellowgoose463,5x3pcWRd,2255f9e6376217ac414e0d79cf2d3653dba9be8d4c86b7e0960486d0599a2dc0
206,f4128eba-aa53-4a39-bb7f-acd818461079,orangebutterfly587,xTrTluxZ,2f927c93ce5d06f8af50b4b624c4a3e574af21f677d06c0a484459013af50b7d
207,3fdb7f35-1710-48a0-8715-6ed63d50474b,bluegorilla589,bfvijIh7,39df7aca5d44e6fcbca60b0f0e48de991575e424f02042df00dc596d16c88462
208,f450ae7b-6a24-42a1-9f35-19807e00e642,bluefish216,yBbLLg22,af8852744ccd1b8e1a45d3d99886a111fd9b7e23e169c1f192108b938c5c0041
209,c9aef67f-fc5d-4503-8b27-09acb51f3a7d,happyleopard510,4BvWQshf,5e67bfdedf50c605afddf8f9749bb6ae08a10d407290754859963447a30d920e
210,3559a13d-22e5-4aec-990b-56529a73e4d1,heavyostrich255,xei5rC1O,6b5ab8779904d5de4f668649887629db1d2e963974de33b391fd2f4967c2b6fe
211,fffe330e-95a4-4041-ad0c-f249b683de7f,orangemeercat454,IXyvifv5,d50d6a511e9937519d95c5d1ea77b7116421c6479e05eb9e28ba9c7076a1975a
212,8cc70bd0-3632-4388-a7ad-4a8cdcde108b,whitelion258,AYhk1Dcn,a1adf95cef9d4b0936339078ce22638ab4fb336803b65ac96862342f9eead28d
213,f9f1366d-d50e-42ed-8f06-6da19e738570,ticklishbird171,PwmlDJEq,47e36494fe1e17313a6915d5c00f5d27a0aa3e14aefcc49e3fc05c655ac03462
214,9cc192e3-aad6-418e-af10-c8bb63ace93d,sadcat395,ICU0bRNM,b1d77c1af58eaa127fb39d1d2b6c74b2c12ce5bcc43a47535ca6e535bfefd964
215,2c065244-0a03-4f9b-8eec-80cf27a46947,sadwolf426,hp7NuDyq,51fc4e6ba99a87108f30d2c4c63de8303fc31f7a321d5ec5cecce2bd6bcdafc6
216,4c9cd0c4-aaf5-4d2a-8898-836c38968546,bluerabbit719,7YBDUbFc,509c12c9392d349ba12fb0d55884cb7e8a7066a44c09cda4f52750dfa13b0da2
217,95814a7a-48e9-4166-a844-a29d023a409e,beautifulzebra581,Za92VbR7,5d4328d3c398e325c626c6c6ae463210e457089ecfbdb1aacfe0e70fb24b0597
218,993c4183-4c88-4c98-bc14-f684e7440a06,silvertiger367,cxqGutoy,db310c8cd139f2331ef0dc415ab4132d6d5f8bf6157867267378ac1c99c22169
219,26c97611-b808-4bef-9ae2-e2cb4f737615,brownbutterfly118,oInG7WJq,f6e78c929f1ac36ae28fb3a0c5a7e87379b57db0c11d4a7003f50a213ccae669
220,bf7b5b46-f962-4c41-bb10-32f7ee0d1c52,yellowduck996,Bvg5gHMg,8d347340d7275a94e1158c2c6654fd8b7fd8a5a34e71bc80a94f40ca10dfa2de
221,4164e6e0-ecdc-42db-980a-33b5be73fea2,tinycat654,yfhRK2m8,eb8d9855b65f5c651a860eb00eb47350f5a007854c25d70f04ac7b159e73d1d2
222,55e71332-a2dc-4c84-bdf1-0bc03c86c589,bigladybug118,UN20BQh7,1d24913444e065b8ee4ce375cae0670da84f74434aa6e79ffb2385aefc5fc8dd
223,c0d19bbf-f68e-4e25-8140-50cfe270f8b8,lazyfrog173,YWJI3fTc,5254ba8e356d591dfc60094d7b63f6b9b927928dda9aff224a28fcf66580bc76
224,ecbb462c-6861-490e-aac6-582cebe391b6,crazypanda375,BCBw34X6,7e8b3d78cce77066239a15574c6abd0db7575876c5b772b95ec56c70c7e6b6cf
225,d867ca99-3c96-417c-a0b8-44d10a01d915,silverostrich663,rhOL42qk,cd02f25911ba0419f3d3e33a3327e4322fbed7ce07ac1075e49a6753278453f8
226,160782d1-b5c9-4882-8369-14749d4fda05,purplewolf518,1zvbWF0L,3c04815b2b4c2fb04b87e38fb5bcb0c776802ea14688bc780a0aeb83098b08b4
227,6ad7f569-e3e7-4533-a684-d652b09a97da,beautifulfrog988,Bra7QCHl,caa8adc35f205e2345f89057f82f1892d2c9902d549daffaacb8eb90c517d3dd
228,806f1b7a-abd4-4497-8b95-b6db40ad55bf,tinycat524,j0P7quOa,36654dd4c65a33fdb87778f0fa3ae636ecd99a31e9133b6259bfc6201c730886
229,ef3955bf-3fef-452f-aff4-aee5e181ecef,blackgorilla981,3hxpVdvM,6c2b755d9f32bb9d4594e1e2e7fa3abb74a7c7dcd9693879349a8d686ae1fb8c
230,95eca71e-7fd1-42f5-bfdb-991aa6620f05,lazyfrog218,Nxnw8pX8,abcb20398b1e111199f889ed1f592fc6f33e859bcaed9adde50cc0bc9e19af21
231,ff99c2fd-fa46-414a-83f6-6e70cf96e2cd,whitekoala695,tmNuNhCW,6cf1484c7c29137ed4736655d676f2000fa62c56955578afe3b4b6f671d3bcbb
232,21195f43-069e-402c-9772-7e9ab8c4466e,blackrabbit578,MbbgDNL2,03a17f724d0df90934df41f94346b31b35b93f232f374d7836264925228fbd8c
233,6a3980d8-9660-44f3-a564-4648da7300c2,redtiger516,MhUzlEmJ,edd12c661f7e7e9b8dbd18bc2817fdd495b54383758e27a9438e4ad6c4e4d57c
234,83f8b69b-fc6c-40c4-bb63-fec7dc670295,whiteswan397,kR6X4RAE,fed2a48131e64952232275c5adba116bf9fd9113ba8133c41e919dfda64bf943
235,fbcb4547-1ead-43fa-91cb-996f97a1b904,happysnake358,HobRvqxO,6e44cad938a46a1d9e551167726491daf2038f612f6ad957c5cb456f459bd213
236,c6c29231-c51d-464e-ab36-dac47bad620d,crazysnake960,STwNP7OF,9b549f5e33bca761d7fc697cd67f2cfa5f1ba4a57bd16b88320dd469ca8c6cc5
237,f54e962a-62b0-4a36-beef-ceb3e8ac5116,beautifulzebra498,9wy5XrU2,88e27364f7f9a9cb522a5cc89b23f316fc2a3f94fd7b421413ed83ca1990a12d
238,3c2453db-757c-49d4-a8a1-9f8c7eb09c91,ticklishsnake331,OIT83ZRl,eba027d57ee5a56486496e3b653c5180847149267c63a7f852adefc032748c5d
239,411e8e3d-bbc5-49e4-bcc6-38702db1ad4e,greensnake567,ang4GU6t,3610c36c7311d3c3e90c1595a826ce471455291c360af42530b01d5e52d2aa7b
240,1275b6d5-f455-4f46-bcf2-06356875d4ea,goldenleopard893,nMYCsrO7,c86493f71b69b5a0880a79cca2df79a5566f3f824071e5919c8dbab104c8a2a2
241,d0011fb6-73d2-437c-867c-a8edc2f13910,heavyelephant161,UEThy9sw,c5b677bf0b47d841b59109db527436fb91266da3dd81ff69e23f90814d0e52db
242,93839329-fbfd-4786-8462-c0d93b2e0ef2,purplebear772,jhdR2vrw,07b313e984b442959bf546661404ddf60c68f01c94e95656d546d5230342b033
243,123b2b92-8a4f-479c-96d0-8f7148859124,greenbear721,yEGc5s2j,57bfae95808ec5bdb76453cd5496c5026875432dd2e6774b0df780c3e4d75784
244,e6d37d9a-cca6-44b9-86f8-c0d7a4cb8885,heavyfish629,MsE90DYy,554003f08661a99a497e1d3cbdc3d5ac96fbc7a1a16362f25121c5d77605f516
245,d0e4ab91-c8f3-4ebe-9637-b89e4e918637,organicleopard934,lCAEVD5B,c3771ff62fa08df6815d29d5c59ac78acabc7b8fe2a803eb0fdecdbd749a3fa6
246,0eae6278-b25d-4294-80d1-51601477549e,redpeacock622,DGLBRJmb,8b03ea18f531a518f0005d05b2f9b5ed827733bf95ed7ad91b7a23aff90cf44b
247,38e63d25-9b10-433e-a26f-a06ab7d6f52d,beautifulmouse675,xkWPTUuw,72c1f1f7f9acecc3cbf3760e4856a664dab90b1eef6864a606ecc3b187261a0c
248,cda0e794-c731-4854-b12b-a89a3240ba05,redpanda393,7Eiq76a5,5a410e66626b4da57ffaa5296349043edd07b225a0e83ad609c0b27b10d69d74
249,abb0c132-e32c-47fe-bd1c-717999daa1eb,goldenfish405,I3TwDhQo,aa7e99e396df6b617aaeadd0ceb9f1d3a32657a8500f14762193d98203f6097b
250,713138d6-f575-4b61-a647-2d5ddbfb245f,organicwolf585,QdkE3B4I,d8d8581a5c42194732aeaf05720a2a3c05c4cfa1a40eaf59fda3597d1961cb15
251,15e4de24-67c6-4fc4-afb5-a8b129078eb9,blackgorilla928,NjW9xrul,60a2cc02f1be28cfc0138aad923685a35ca1021cb727becbfb94abf4cf4228a7
252,450bede9-ee54-403d-90cc-aefc76dd8e2c,redpeacock953,KSTIRzx0,622eb8a2cce907e5a7ad9adc0b2e13076f3f080d98991e333a79e940b8b209b9
253,c5d319dc-11d6-45c8-a910-6ea5d7e04cab,crazyduck633,za9W9Iv3,f9f33c9a5d30a70f7b514e3763bc09c5d5a53a3323735e9faccab65232dfc4ce
254,abc48ce5-4902-41f8-b009-b6c82672fe75,yellowleopard731,noS7w0Pc,666ae5e39bc22612a01753e745d67790e931fdd6d644ba86ebf58645967cbd12
255,f9587f08-060f-40b6-9159-5570fc9226d3,purpleladybug487,vMake7FA,727b65072d5723913b647f5c8a51ec88a226ad976e48ea4bfdc754d062c6ca1d
256,44ae8217-5faf-4946-bf2a-648e15d8ca7c,redladybug195,O8AcIHDr,6b0eb8b9c30398159d63f61d04077fd8fcaa20c4d50afa02fa8ac19817a5fd2d
257,2fe7d69b-acf0-4b22-842a-85c53fff5468,goldenwolf572,qvD9eLqi,aece745306f3b4dd355552503ff1f3be221761848759f4e35aa4dbb2795568d8
258,4371437d-c3de-4c1e-b427-69ea325bc4ca,brownfrog621,xzWAhl1Z,03101e2702f57a1ca9208cd27a6c6ef9443216c1a1734e3ec2a2a5c85e5fecb6
259,e09bcd61-8a8d-421e-98ae-fcc9967f0620,happygoose747,HqfnPcMN,85b43b7ca389eddd0f17959ebb34220ccb8465028a1f67f616654cefc8a0d765
260,6fa7c36e-7da8-4933-85b6-23e75e2f182f,sadmouse914,mhTbB6wA,3384bd3aed41bc06ff60e7b661e32b06dbcf7fd467cd651a36acbca2b5d7d215
261,b0b7247b-4909-4bd8-b568-f535eab0a51a,beautifulwolf632,XGBm15c7,6b80382235b7211cc3e2b6a906416e1eb42c6dc714a735400a95e391a54cdaec
262,17c13e12-e7c7-480f-9788-5a0eae56e72f,goldenzebra582,6qudxRqp,8db9730cc9fbd30f2d56ce60a37c945a28a4239c76a7c82180a56cd99ce21f67
263,a59a341f-371c-4128-b8c0-dacd853588b0,brownrabbit805,y0tPzsd3,b506a1a3059f13dc47f511ca4e8a24a8a694bf5cefec3df0f1eda87072dd0371
264,0d7df379-3abf-4f3c-b5ee-953ff9d56879,lazyladybug972,giUqCEvk,b59257688c9d1cd567d11cb271c1412e02a7eb95cbdd82db90fa2c66c316390c
265,90abdb98-3d03-45a3-8f1b-924e7c2088ae,lazyswan591,ZQNGqJnA,8afed5215ee22289f11a152dacdfd279a7d9751146c17816753f70df78f9f79a
266,4d987353-4303-4ed5-8a3b-938f65e0bdb2,purplepanda943,Ua12Lq6h,2e4287f8208988ba4ff2fa45fc4e125a30bdbb131ddfbc59c302a93f8e2e019b
267,2e444d98-367e-4526-9456-666018fd3a1c,ticklishmeercat325,FU9l5qXB,3a743ce59c9b2537b568c96337c891165ac18093370abc8d8b410accdb14b444
268,bab5704f-8ed2-4382-88bd-4efdf75c6893,organiccat265,sLMAkZ70,ffbe5906ce90e3696651d01ef6ac4ae72f70ab852112e2d868eed535da5e808f
269,9db15c79-167c-4135-928a-f52393c067e0,yellowbird700,up6LIGmx,a15793c21fbb1aecc98dabb87d232c02292beb4fa7441ad935db846e0d130b9c
270,83b1e930-fbc9-4a78-874c-e6633427fce7,angryostrich511,siXkDceC,de69ccfa1cb3f6254b7f413b518cddd1400017ec1d1c380d99f9ab7128c41580
271,f28f4ebb-9c53-432c-aab5-a48c684aadb3,smallswan684,5qlEae8V,9d41347d112119485b0bd6131e3ea1c4c9279b5413851e8f1c790f328610316b
272,4a8dcffc-d8d9-4fe8-bc61-d1f8b090188c,beautifulfrog133,l0Pvw4zM,f60e7ea0438555496462bfaff288d799803eb31c52517cbdfb50dc998d8c13ca
273,67a40c9a-389e-4e37-a76c-ddf80c151a5e,sadfish964,viGBtWA6,287825fc50d27930e0c4d1adc56c2156f2e4e40fff8054610dca667a44033c84
274,0dd38098-94f2-4d7c-875f-aa550bf936a0,ticklishcat740,QVW7xscJ,d613b3321f58a635c968214009256fdec1a794493a1b84843fa1ad452576b3e0
275,c9f0e767-03ca-4736-8a7f-849d0ff2b5a7,beautifulelephant473,kLisR2PO,0b92ecc0fe959250421550b6cc95d4a5dfb8fac18da0a32809aad1d6078afdaf
276,91a7c7ce-0308-4894-86e9-ffe30f747071,redmeercat982,MmaMEOPu,d6f2465baf719a3fe32cf4bf77f828a2e06ca6a314fb0789eef3c31655f87ccb
277,a253c153-3327-4586-b350-0e09001fe6be,whitebear506,OVtKFUx7,50135db77a99b3821f5ed9a5101a61b81f9720bc3ec058c4943d6a774ac182bb
278,1415be7c-3303-4f3d-9c5e-c238577b4477,heavymouse323,tCBB7e0j,2665ac365352e713f47a44b6fc3cc3ff98b8ebafc0392c0d3871e6390d6e1e19
279,744c9bfc-4be5-4a82-9774-37d9c1ba023c,purpleostrich796,82zeA2ZM,98fcfeb1ffd7d41b93d19809b05b74099cc96495772c15d57ad121086eda3cb3
280,00e33cbd-49b3-430b-9ea8-dc1889522363,blackduck420,dDRPzq3D,01f017e0ca9b5d398829b5fbaadefd50ad2b751ff88f154bf27fed116549fa68
281,4e396c2d-be79-491e-83f5-e0a40a0dea43,whiterabbit876,Q8UjuGRb,6214f7671068074edb49a29dd45fde7a7260fe9811dc51c8e789c2a814a00e90
282,fc977878-2799-4abc-b224-a71b103d4b11,yellowmeercat840,x61akjRd,77e2acbbe57299a6c813009a26078182c00053e166a5977875f9e1a8d584baea
283,60319724-8e78-4642-8a8f-6a457e52b2aa,tinypanda921,QGHarbzI,297270313c8fda38ca95d278ca12436965325b4005273ef82617bc21ae28a8fa
284,88dc4fac-5882-44e8-aac2-b96a6b043ccc,beautifultiger329,Irvcqoez,f130b274630d77472033045b979c2b40662fca16e88ad3d89c2e53113cf6ede5
285,58fc0241-4895-4bb6-95ef-4bd96b44cf5c,bluefish244,u6fhlwhg,ca4a3b3c7c2db4f5462c833f587247e8989065b7dfea9cde573fb41de0d181e7
286,ad674250-deaa-42c0-b54f-f6f99a2dc93f,goldenelephant844,rt2fegMO,f422f8ddb19ea0c1d1845614fe6643bcac4f2a22a19070915c77780da512c1b8
287,ae5ad18f-af4c-4455-b4f8-7bc6210e0a6b,purpleostrich287,mmxEoo1l,ff45a85369f8261495fc48ada7c16a815440c08d01c1fbcfc4c9ca6217eb429d
288,71a726bd-478e-41d6-aa18-5b6b2d67fad0,browncat938,PyzwHYQj,1e164a5406f3b39862fe5a03ccc47489ad6e8f1038261664d94e7ed5854d05fc
289,21efc763-e50f-45a2-a198-a1ef14aca726,silverdog768,iNMgCi8A,d5b34d7617277d9fbaa829d3e5d41efeca5e9fc566ca59d2b567b059e01f4a92
290,ffc21f0f-8a56-4b98-9ac6-5dd8c6266086,organicsnake256,vhcfnAHG,153eed05cebd62690a061f9c8a04c931fdbdb3b18298ac2942a42ffc84ec3390
291,536a6486-8dcd-459b-aa53-fb8f1290ef24,greenlion406,XrBjmYIv,391339ca5cc510d5b6cb754179e75b449dbfc1a1de13cb39066ba9a27089419d
292,96022278-9ce6-40dc-abed-4214a7affa8f,angryfrog586,VNc1BAjj,0928c10110d61e1edc7f863b9a6c55704c63155859d7ea6d7ef61ad4d257d19f
293,f1f6bf15-ccb8-48f2-88b3-9c6f01abe6b4,angrysnake107,6ppoTLer,138fefa43e8decb08ee7b198b0d91d36c0a07a145e4711345aae9de3358e2cfc
294,6a3fcb76-22a9-410d-8676-6c28abf9f2a9,whiteswan782,peMZiKXh,eddd85eeb99a7fe5a78f2a34e75c56f73437adcbefef443017a2ada15da80d7d
295,457f11ad-c318-4b24-95bf-229b0ac3df47,yellowleopard648,RaEwOZFq,0c1d48901f53ccbb0e1736b71f9b735dd254682e9ceedfbc668f1bb9837be4e3
296,6b830bfd-4d33-4105-8fa3-8bc471f52ee3,biggoose445,MqHhqvBn,62c875c4575e08e764cb68d6de0cf1fbb880f81e0c31a64e940065a40153d2a6
297,90fc3aec-0a0f-4d23-bdf2-7593b5ad4a97,blackelephant919,jwx2WOl8,d339131720cd53f6234f2cdbaf41e24e94050742e2fde73420d17e9d7c24c6bd
298,41b0ce23-4eac-4acd-89ab-7123b4c2d624,beautifulwolf369,E5YDCxE8,433ba6e84a8f8b8ec6fa54c556ae9f1c9c6fdeebeca738df8b7496f74d199735
299,8bf7aa62-2a05-42aa-8e6e-9a7967947359,heavyswan327,AOmYaUFl,0f10603c92f20e473bcdc0eb576f1ce74e402ec87d383c1f2687f27d463c05ff
300,290efd73-74b7-432a-8957-bf73c70a1154,blackswan118,JWN26u4D,f2e38d00ea867914eaec60df542b007cc40881a3158e2febcc8b5f6254958551
301,4b68469d-9b33-4909-afca-dffa23ee2eed,crazybird258,goKrJSP2,93d09fdf5704d03d80c9575f5ce242ee83c33d369ded28e098e12f20aa193756
302,2017e0dc-16b4-43b5-8864-d90064a1cfe3,orangebutterfly938,hJsLRQZH,830c0e05d1194ed5e7804fabda25ea5604221168aae31b2e000f6f2f12bfbaad
303,84896613-e3be-496d-8d35-89af4b5c10b8,yellowgorilla192,b7pcA011,e42b5df0b1f15c3b5ef10116894db9ea615f367fa88a16cb12dda74e940598c4
304,839cbd2f-afde-4ed1-a2df-be86e6e72f38,bigswan140,BtjvuRbt,c71a74445073f83d37b5fa0a3158e11a65f552d4b651cdb73297b139090c01fc
305,659876f3-40f9-480b-a095-ec6bafbf09ce,blackgorilla482,ZDr1BRIX,b5957edf1173cb9d7ad3b4e3d89c1956dad8baac533e74a1317661f845110d79
306,c4c19d5a-3ab6-4e6e-ad3f-4e4cbec60293,goldenwolf630,xkntW8lF,6061cef507514029b4a8a18ccf2b0a02f485f5c94964877ec29e2c95f5322284
307,45de54bb-ff98-48a9-b0e3-16654dd2f544,goldenostrich809,01RsnElm,266cf49aac77187f00ef80ac31afdd7d939dde006e395a58dbf5a7c7a4adfb94
308,70afccce-6545-4a95-9940-06e865672be5,blackpeacock883,RcNfzaNu,88fe249ae9eb554ca8428673ca6e70160b5d86c1d8e932321eacb2e97795e694
309,1ea3384e-d923-4569-b375-f7068e9a41fd,redzebra238,wQBRwaXO,caf8afb2d912146d5748036927a0b2dcd1770d8db04bb532023cd81847ad8067
310,9cddaca4-6e2d-4a8d-80d9-ea9aa26ba017,greenswan696,gtI6OFdC,cc47ef498211307317dbe0b3270b65dd4913cc314a46407692c340f698788fe5
311,8a24206b-e81f-47a3-bf3d-58566af93472,ticklishkoala252,tUBdBCJG,1d237af16676596b73ed927a618f72c5dbca6309736c0faba398cfe5fc72c0ab
312,bb9e030a-41f1-4b05-8a8e-fdac6538cf9e,purpleladybug281,aj7ovtnF,9dc37724a5fbc1904cece9bb2d5bec72d0548264a20bf35d071534600a102579
313,fcceb589-847c-484f-acd4-b1a1d47c1901,lazycat689,SeNrNhdY,36a0af497bfb78af3a27959980dd80e3a11c9a5ebf0bc77351e0cf9541d7939a
314,e01d3eac-2709-44b9-bc7f-2e214f0c9d96,beautifulbird736,vaoYu8HB,6b647eb062e2ad278a5fec84a51e322253f44878ad58ad1b454cae66d87f26b6
315,26423880-1383-4968-92b1-d683e9c37edd,bigpeacock497,qNAcwoNU,b595d268517febcc0feb00a981a73f0bf8ba5e94a778e91fddd5bbd11c5b91b9
316,aa9846dc-9f0e-4584-8f3a-73e751037191,sadlion747,QBiNKiJY,c5dd364ff87a5d8de4f9f6ed04ba3928261b572e548bcfe6d2cfafcefb005ea1
317,9c9a66de-f93d-460c-aa81-4305b719969b,angryrabbit339,IIZyrqhW,31924a0196c126b207534923fe6202e16bd72e617c77156c814c76febb39d99d
318,c406a486-3221-4d31-af8a-6a91b7fe0ee9,bluecat532,gqlfDzyb,3180af922906eeb0a49d1f64cf995dd40df54d4ca796a08f134adf5334fb34a1
319,2e5beea4-c0eb-434c-8ec8-937b910b002d,tinygorilla995,wOS8Y4MJ,b2f07aa1bc8061630d09ad93e59b7921da88a336b0cc45521d80787c45586c58
320,836409e0-5761-4327-9c00-d0dfd7bfca84,yellowduck305,1caHnBdk,5ac2ab9fad0cf42021c3778b5dd803d98eca0100373e16eaf03ea800671d742b
321,c706b574-a254-4e27-8535-7d0716e7ae0b,redelephant953,HB7s5tTy,f5c034925fc96255ee0478e5aaa869304678f99b622968991a0ef8081982a5da
322,52810d54-b45d-40cf-af8e-ad7b2ed601ef,brownbird221,88lNEZHl,6837c9fa85637490c3e15afed1efac7892b1714dab6724e92ed810520f633ebb
323,e2b711c5-b271-49b3-9366-c7a02b9f9a1f,sadfish182,2NYIdPwf,d362b54fb5107b3017400132f0833492a9a25029cda362cf0577b10695b538c0
324,3f37d509-5653-49e2-ace7-2c07de677445,organicmouse144,m6QIThx5,9de227e7151ea665ba1222e84bd5dc1d04d6edd24236d4e56c47c14ff3eadcd9
325,85110d54-d181-477c-b0df-5d9b52c1d91f,whitegorilla784,emOpa5bB,102792f8eb4aa72f712be6cb6a091ae2a49e317fec10cc56217cee9ca184bddb
326,ee29d383-b03b-46af-a15d-f0c5427eba91,silverwolf404,YOR77T7U,8b9d10aead53e61c045ee3341d7031414a37cb5c45a6734e893d266ded4bfbae
327,6d2756e7-0ff7-4e0b-a881-3fb02cce6840,blueduck304,necKJB2r,1b8f205a9d6aea54fa2bc7859ea45e41bebe4c9c74f754a628fbd253da86a146
328,406f04f8-0f19-4c79-af9d-7c0bd15347c4,blackladybug493,Jm6j4Bu7,71015a2c38d8f25ac5844cc2e50d6e2ca9c01fa90c960126a0e611eb50b921f7
329,e41bf132-52ef-4ab9-96c0-3436668686fe,purpleladybug872,1h45LTWy,0ff4ff89c447530eaeef545da927aa3b599bccc19accd8d8590cd75b384f5a99
330,e494843c-f31c-4956-a1e2-85db60af65f6,whitemouse121,21C0MXdi,392aaf63cdf1b0422703436afcdad456bd9faf378c63f33322224033eb8f6bf1
331,123c935f-7759-4cb7-8930-7d7f7789dc25,whiteduck951,XxKFDv8o,549ef309b0f89fbe1982bb83bbf7bc3ac01d75585cfa3565cf970352407b1fd6
332,b9e5b2c4-bdc4-49b7-8610-0fc2479690f6,redladybug310,vtsOn63B,4b5d90492dd2aeac0b322d9d5425ba32e3a7e26ae9bf6110ecb5da3b64d033da
333,1fa39ee4-ac6c-4cdf-9a0a-7843ad5f4816,happywolf815,SKnIwUmu,b32d337d4817ac7df658a445cde1f00956cba89eb82ff859357a1c9ec680a1d2
334,933e7f94-3e43-4a50-afcb-0d8b0f741633,redzebra428,psS1hehY,46ae332256f5ddb81d6c159315f4b71a7aa9e80776da478cd44b2d2e24b962f5
335,7877c6b9-2048-41b1-b9b3-2b5fdc176891,ticklishwolf779,vC7DP0EI,0fd8fb4c8158e029add92ccb7e0023f6f2c4ad448800fff7f062526ced8efd77
336,bf2d8bac-6273-4af7-9eb4-95fc66cd6818,tinymouse972,dZzTOM5R,2025a34e063e46ac19b7959ff118bc5834e631607a505ed006ef9a7ac77eeea6
337,10d8aa31-b6cf-4371-8e4d-cf9e6e30cb01,tinyduck490,PredsFSp,d310cd132832d5c717706471cba5c3d2f0bc718648eb3d3c795bf1522568ca48
338,6a5649d2-b576-4a36-b073-91a31032f9d1,crazykoala210,hAdCfU24,3cb844e00b1293e86387b3a299457ff3e26ccad4d07affa928db745270453640
339,90b5e144-6b4b-4255-9181-8ae965ee7f1e,orangeswan427,1awpmcXK,5830be2d279af2fc501002c3143f60aa7a1cf801f31aa3e00231f25b79914974
340,9dbaf5af-cfc3-43ca-a0d8-0152281f8368,redgorilla595,MIf9p4UM,4ab8fe4594e3270fec12525ba959c4943c52a6e4e0f4f2db9b250af60552a585
341,5b389b03-3550-4e70-8af0-e9bf35581ae3,crazysnake972,Dl89vUZp,00995b12c7720c2e9977082839e1d22c38b392ad7c67a38bd3b500e3c2cab586
342,60991dd3-3427-4ccf-a8e3-9b9875833a80,heavybird876,fRzLDmnw,e1d7eb939edcbb3b088d045b1a393687362e27ebeeb1211ed7d77ad001293904
343,7f0150cb-e0fd-4336-aa63-ae75cb421168,whiteostrich761,OTUFe0e1,f0ea2ee476755726aaa0d99601d682b6c159a76ebdc036208933f2af9d85df8d
344,8f2bbd03-a2e3-44f7-91c5-c7f56688bb86,browntiger279,XkaYrbaE,278e4492889f2d7aaa08e2ec0ffa867b86157c830b99737668942eaf0f143f41
345,2c8dab51-2e47-4da8-ba29-248a3980573a,bluesnake295,KD4Ry0kY,a78566b028e8d04f0f6f9d3c906fc2858e316d6c4959fc1328e083b8a5e4543e
346,9deadf29-6640-4715-b2d6-cf1a618c6521,yellowsnake732,ZF5q9rRl,d7688cb004449849f19aafe84f5400199ecb6b83b8252578cf4bdd057db9d466
347,8896f953-2cf8-45e2-baf0-75fe9e91eebc,heavyrabbit173,wJr9AV03,3d5521e813f8c2e59e09a73ab4b9696a8794b051fbc34fa60d6e08425312c919
348,08d7c70f-dfc1-4176-912d-703be82a97ce,beautifulpeacock162,BxbG7sdX,209d615048268748872fa3e845f2ee99de834c5d3e9672ee6bf5285ab49aa26a
349,e7bde749-4869-4b93-86a9-5c93c85650d3,goldenelephant516,n0QBxF6F,79482107a3ae0b29947ab16de12ce2815195f13b5031069156c568d9b9b948aa
350,9a532797-47d0-4176-94e4-df882ce9ada3,angryzebra393,6PA4kT8E,f88d66ec02c8308e458fcb7937e6b542e0f8e6a57e8d0a89b3f54cd7f5ea4e19
351,716b9295-c9f8-47cf-8baa-cb2577684348,browngorilla605,yC8utO2g,01bac021f3fa96699d89971ec4f0d7e477738dee3363420dc8445291fbb717e8
352,552d6cac-4f83-452e-9172-216ad23fa576,browntiger141,m8P73xHr,35f3ec41a1a29099801412daaf567fa4e9d2531cabca53942654cb9c0965af42
353,bf58f347-cdca-47df-9fc7-35aedd9f9cbd,angrysnake699,8MGdbt8h,e610fe3fd3e198a5bdf16143e09130d13e9014bbcf7dfe338b75e905de54d15e
354,5ba81046-cfc7-47b0-8003-cba812271199,blackzebra322,BuCYUrkG,104eb8a7d690fb5d603998dafadf88282eaaf9f6873db508db6e3d81f03fabd8
355,ea82fca5-7508-45e4-813c-d0fdc0be20f8,tinymouse148,eOEik2ux,7a61d313b6de0244dee34958fd9561ba66b81ee06aeee6e9e7e5af6fec1dd32e
356,062bf374-6a8d-4561-ae92-e37969829c74,crazyfish615,J8r7lxCg,3d13f6c9e1739b0cffd0aa6e5355024c69e99e61b7f20c21302b58afdbe749db
357,40d20548-5436-4cce-896c-45038d7baaf1,tinyzebra164,GV4eF2SR,1acc350683af4d48d7839bcd6be4d0df1b33502c29aceffc73a50301a5dae9d5
358,6cc56cc1-1a44-4648-8d80-dcf3838fc94b,brownmouse781,Zj7MkIvA,d38e89a6dafa8b665d5b1f2fd700a8fe598c1609125264dfdb59954171b7764a
359,0c568c21-2a44-401a-81ed-d4c1c6098b11,lazyrabbit422,nS59xc99,36a2702a29df0b41091bc5b041f4307d287addd3976a13c84e51202a30058b6c
360,751e18a1-5f3f-4da3-81f5-545ac3b01df9,silverbird795,Y6jL3mck,b386fdc62f1e933cb45b86ab3abbacbbe399baa23cc8d426c6580ce07e7f3c18
361,2fd233ce-a561-43db-aad6-11b9d3f4e19e,silverduck982,iz5LkEr2,a0d505817c5fa03280bfe59b81462d62aabcd0c3dbcde868a836ff9587e69b59
362,2a2bbe77-f9bc-4265-905f-8298a3736043,sadbird304,HmBRE82f,c8a357296292fe84e3cdb3f89bf6b96e95ca3b1b7054933c4a22edf52b1d0cf5
363,cadf7a1f-3170-429f-b8b9-7f69a5e42c93,whitefrog710,MKai8i0M,0787313a9405005254db8997d47d5b6d9c460a3691b3cd74d6aba5d13e4fc464
364,2413ac98-0d51-4ef5-a3f8-dc98e1b04851,brownfish641,qq28wQD7,e4143eb47b21642126611cb04cb96a7b662b4c025906e633173408af21b773ff
365,0bdda73f-66fe-43e3-8eed-f8748ce15a80,happysnake354,DLHFodKi,cdc5e50a220cf2850711b8c4af5d9df98552e737000d4b945f566729f55fea18
366,75eece24-b400-4c3d-b848-92827c9d9813,beautifulzebra195,iwMYfsRH,d661d65795317fdd2af2aa4ca3437b639777d96a80c9028ad664aed7d43a2937
367,d3ce1636-55e0-431e-9f41-a9ed425baae7,tinygorilla304,5IIefmW7,14f15eefc8ac7653a2157050793c1c579c7af613737ae947b49242a7debde676
368,33e068d2-b44a-4a06-af2e-f7a853460d65,whiteostrich567,24AXoXR0,8251bd1b85682eb2dc664d8a744cf2da6f605305e28fe7c020a516b81d17c3b4
369,8f9baf7c-4f78-444e-b873-f942b4d16b8d,smallwolf352,OeUK32RJ,e894fc755e42bdb30de6a807c58aa6246e714216856c7dbe2f76e0dbcc379326
370,1ef9dee9-d8ba-4177-80fa-782805f91ac1,beautifuldog253,K7w5Gcps,2c245a404bac7ab1d8b8e3db7577c4cfabda069f5791b13eab11163f6e584d46
371,c4d7d15a-fd66-465a-afd0-11038820e2fa,happygoose694,BKeW43hI,77b7fcf080e2a5fc36ff21e0afe82a3fb93b3119cddd34a1121b8edf5cd5d9f6
372,5a01e27e-e55a-4446-885d-7d181e4c5ed3,goldenbird492,XTPILiDm,3b664922d25bd2d64c1d8a70464405974462dfacbfa10a3c7fd551585471cdde
373,d1242811-582a-4219-9163-c15ae26fb80d,whitefrog105,BNbSygt4,b3a03dcfb52fb196d867e45db0f8ce88ab027250941e19b56529a1b557e8ef26
374,9348a469-7440-41e2-a869-8aa1eb104411,purpledog111,e7WOiCwh,afa4ef35c559f1b9c0cd26ae72af0de04a6a4285db474423c69c78dc0a8fb439
375,fa635f4c-fb75-42f9-91c9-3a1c4cb47850,happywolf765,RMUebPGL,fc413dfec04206020328c2e0239297b6f40358a4ae478224d4b3c770474748b4
376,d78c1b0f-8940-4053-a5a1-7cbf7af9c04c,purpledog360,CglKWpOP,3f5367e86939f383fc769619b4cf1e09542a9f7c0c77b096d9dedf04ce8742ce
377,177dfcb4-1063-47f3-b2be-f17890017a9d,organiccat815,tcG5neIi,46bc29b5c4ddd4f2a4eb2084390cdd707dd55587cac83f39fc8163ba7535fc75
378,c84114f4-a09f-4ffb-bc72-e60cb109e540,organicdog933,Y8KJ2vZW,b48499965b23467a9cba6b91194c1bc602f8f2f528956992f85b51101660b73a
379,24704673-5cba-41c6-a739-2ae728998959,goldenbird420,2HAu8cSe,2c6b7756389783d192b8dccb7c6a440a131d92330c2219d5d60750449ed1abbc
380,66c38574-4d3d-4fb9-96cd-3d62beceb672,angrybird279,A17w9MOg,db7bc62bde7e698552609ebe0371fc187e4c5b4ba4781249467f2822bbc3a84f
381,59fee507-542c-4534-9a68-992c51d216f3,bluebutterfly291,DWYnxj3v,e65256877b36fa2304cfa210399d40a74dc7d79f8de1d798416bbad64ec4bd33
382,f0830b54-5a16-4d4a-ad8d-594ac98b0cf0,brownmeercat860,qC9sSwPO,3f8f15c5c653e370b7cf874783d2bfbb955dee274d146bd71829a64125a020e1
383,4e0b9d59-68df-4d24-bb5a-afa844df5685,goldenmouse697,1XnxGBCj,6e7e3b4c57146d89bf524a9c8bef5bdfd632a26225f75b12f86bbbc51ab62641
384,423d30c5-ce8c-4f10-9216-a2e991634f49,tinytiger131,mH2ET7sD,71c87e9361f0cb8b92454267123e43c84b20e77d83c0aad56fb2e2ee3255de13
385,4f755ceb-eb26-4097-bb21-299f48ab5846,tinytiger594,I3aLkcth,4703012b832d2b5952550056234fbd66783f2b6c071b1f8f441af0ba1d85e161
386,c4124a81-100e-43f6-9408-96f1513e86f6,angryladybug722,nD80v8je,1def952b50358b9d57c0358bbfc1c8fa2b47316cb095e9f87b713dcd9db78b5a
387,0df65b5e-d454-4f3c-9b13-532cd66c4db4,greenduck824,8gTFCTkP,54273663587e4c22b8a2660713bad17e5c4e10b1b68907f3afc5fb29f2a26abe
388,14011884-8f2e-4da9-b9f5-a73c65da79f5,ticklishfrog636,Kqb8eUAn,926c435c5e67b5a866f6c4de16c9b4ec8804ab0d676dbb83c0bc29b020bbba70
389,31e5a2af-56ec-44bd-a1f7-fb57cd763f40,orangebear523,61q6sYdH,d6cc1e17fb0d43c38785de827b1fc144a31b39f0488a1d6d51f278e657ddb837
390,2e2dfc54-0a8d-431e-a218-ea8bfedb2bdd,bigbird341,DQu01WTm,9604346524e1a60108a91fe51ef9d89422399a96c47207be609380aa1af544c9
391,ff230ba7-0c0e-4827-8d86-c13c05dab4b1,angrydog111,wmXrFHAH,1621f116e9c7fd0e7ede79d50c0ca7b246bb7828695a185b9d7deb6f2135c634
392,0c031e8c-e545-4d85-b0c0-5469b7318195,angrydog664,sTa2aFSQ,9c74bbde372cd39c849ada2bc1960a75f67b6c55f1ae77b1570f53f497c5ba9b
393,b37e6e5d-a0da-4108-bad7-44af658e8930,organiczebra270,U2nvSUFE,1b8902a06efe17b20ac5dfed3b798778653e1bcd38cf7ad9af665c6248f9db4d
394,1798c434-c618-4708-81a3-3f5fc14fc9ee,blackmeercat437,Mca5I1oQ,3d859f19c29a401459059dafcf256fd87824a90abf600ac88bc8746cf6772e66
395,b7b16f45-b731-44b5-86bf-1aee82038793,happyfish542,tx34Oc9y,2836cc3bcaca2bd17325ee520425e6f36c33e0e37a09e98a40c77264a0946ebe
396,80ebafe7-f11b-4fb5-82ed-304210bd5455,goldenbear404,CpNsFIuQ,abcac7a5356704438c14a5efb3152d709c0ed5872aaab8404400078ac549e352
397,b4a55816-4a9b-4cee-abe1-cb655250a543,beautifulzebra816,qBcgznbm,73b786a89752b99012b24ac288a305600888bad811967fdf5167eaeec866cb5b
398,1aadcbda-2678-40e4-9205-0b6cb8738ab4,sadzebra879,GcGQs1z6,3b6fd85603c4f893ce7ba80ade8556c377358822beeca57e7e51a50a08267c11
399,e645f180-4a0e-4c5f-ae25-1731575c9551,silverladybug802,1bbUTxT1,fea9091ab63317b667287b7a6a98574a607cbc111aa6b1bad02c2d86b1223696
400,db33c6b8-5c10-4b16-94bf-1f7b820500b4,crazytiger364,bOJVOPb8,ee3836214c5efd4ac9c638fdaf0b6a62c5d0d16943e4d3f6f36e5952a0b83e97
401,0e511393-d8ea-493d-8b63-d565bfcc992a,beautifulfrog124,C7ijgz4y,9c7f3f28ba9e359502a064e40cf84509f81c1d4aa4bfb97d55cc03478112a44e
402,b1f12b22-0791-4537-81f0-4f22846d32fc,tinymeercat876,RP3bt8Uy,86bc4dcdd885766e5d2825e495f95879c6f9b908c5419cc26028d69d16014974
403,c51438c7-4373-451a-9ea9-84985c7e03b8,goldenrabbit236,Hr7M8Ln3,5a9b05b99e3d1ef0236c3a1cddc2e79483a57d9d1a5a68fbc361131f54489873
404,4947ff7d-6674-495b-96b8-6c2dd2cb7d50,purplepeacock375,e605NZWn,f236ee753080eb677abb1acfd4094ce9604c82f1b1677aaaa3f33308bbcb9115
405,6a493c7e-ea86-43cd-9673-fb3767c7e749,blackfrog374,Vg3EL6yF,dd29f85d6c66af9ab33af203bb420598c7fab67978f85de6bcca52f6a9e771d7
406,0728defb-430c-4b07-96b7-ff98bb1140bf,bluekoala797,SbuJeB7V,57ad15f9632841841f9cd86d21f7f6ff1847a4b07cedf3794d6fb4384a10c270
407,897b930f-ac94-490d-892a-6f85a7313216,silverlion968,XIzM528g,964b2d76198ac4b2deb33ba8a0289f7327718cc191d8fe4155a54358e95b96ae
408,939c92fb-1f8e-4e83-abbb-2a7a01adcd7b,organiclion759,WUjMWiTD,573592079d168dc07268008561ba01df99f48b591216fd122411f1d63367a652
409,b5a82e36-71db-4940-bd51-f44ba64aedc3,browngoose708,b9ewvGHL,bcf139d999029ac1266382475b87697f7eab408d130d13f1582b242d7ef3f155
410,73c38482-e0f0-483c-b8f1-f7a001da9d74,beautifulladybug157,GKkDW2oG,e2bd60a3dc0cde18e6535b01a8b79b15155e45acc8a2ef1d634193c0c8a5f3e8
411,0c5775fa-47c2-4154-91eb-aa183aabb768,smalltiger688,Reo8yFXz,2450061147395aa68ef353c8bed0a55ce9ac8e547d4a53b07bde3d372972cc52
412,6e886cbf-66bb-49b9-b8c4-05ae8862cabb,lazypeacock366,AlkaGUDI,b9b431ca779df3142a5358b79f54bed4cd61e5df5a052cd486485aacedb347d4
413,e0aa7817-cc82-494b-8fb0-eaf7c43b3422,heavyswan263,Ni61mT4U,bd5e5a599faf436c0eef166eb18788a9cafe60fcaa9cbdf844281429bf8cbff2
414,c417ac9a-e47c-44ef-bd86-10d5eed51ee6,happygoose654,xOUJ6N3F,5f53494f453d214362f1b5fea125d8a07fcc1dc8027295b5e13486a01a4293ac
415,eddea2ba-0977-4705-852d-254fca696c1b,angrydog254,I5p1ytkL,5ac861642d83ca882f08382e189e0799b5ec2a0e05df8c5eddbf95a0d80dce51
416,7d3f1fdd-2d75-48e1-b56c-a18897a0a937,brownbear915,eM51Borz,9e142d68f3993d82b2ae9bede2081620745564a1f9b5f49aae1605017312cd90
417,f829ee2b-5794-4c22-885d-e4deedc54737,greenbutterfly168,wkxeGIoz,a4b60da7ef78f621a5c518aa5da583818423231f520ca84ecdefee261eebf9c2
418,0816c008-c759-4b3b-8d4f-724ee0e6ab53,ticklishdog126,21ZVOC0e,5a55376fde9e7d90df45033499d710bbb88a9587d90fa5831bfe91adbbf9002c
419,679e1ca6-7a83-4c64-b7da-3d8454efdbb7,orangeladybug742,jhUb9QNK,93baf6751067ed07e888a7ef36edeb8c3c497ecbdd40f9adee42ff471f1ca863
420,5f1f2bfd-6422-44de-a068-b4eb40a889e6,whitegoose907,LQu4OzTg,8580dd971f5c6c399bd586f9f9163a7ccdc738e94297ee8a286d2d019843bf22
421,78d19ebe-bba9-4c07-9150-d9a7c0bbd222,silverbear684,uAXDpOjp,14cadbeb5c1822037411fb163884f437cabedd1fdd0a92cd84816ebd294202d8
422,cb1ebe3f-96e7-472f-8d94-16a7a2f56663,beautifulelephant242,fSWnhEB3,1dcc371794eef6b4298f7f23e1cd7fd50f958465d1754effc162692ecd72076e
423,86b4047d-1f2a-4228-99f9-94023bdd6534,beautifullion780,72l8ftgC,196cb25ffb261484315f2918fb7d0d25e89790b869a61f08c7b4fb5fa22075eb
424,9220623d-c98e-4b57-9a3b-545880b58568,yellowrabbit621,nEnrV5O2,db443c5c3b9388b22115d4d8bab447ae6518514704e5b150fccd9dc74a83c238
425,737e0d0a-474c-497a-a306-2bc94daf79c9,happyfish336,B97aCZJM,90db84a04ef2310b386a940be5430ba8bcbb084acd067c64bfd94bdda9252b37
426,7e52e11f-9f51-49bf-bed0-1ec7ba83cc30,crazysnake176,qukzyAgH,ee23d5da0806aca4d1fa673a76febc102d0423cbbcc88561e0fbe174144b10f7
427,6bee7c49-7989-4e13-940a-fbad66ec3ccf,greenkoala780,daLckE2G,4c310b714e39400aaae7f8d7453ec3d7c33b5cf9466631ef80086cb7684dc1a6
428,fd690228-b1eb-4fc8-a161-425cc443bc55,angrysnake556,sSV1vp4S,427822aebe49a2a4d12585a3bb14a342f5f0d6cd4603c022dc129d1b6cff0d5a
429,dfa7b3c8-9f0e-4721-acad-5c6e2cf97ee0,bluefrog854,rUTTGKPv,33a01de994814472eaacdfcd6271cae5b62be1230fcb42775925d38d1c4caed1
430,fdaa027d-7e84-49f8-b526-3b8c0de044ec,yellowpeacock197,67QO1bS0,bbe74a20476af95258b1c932f880d5c71df6e2b7a3976cbda17bee53b42b33df
431,4988d37a-504d-4676-9f12-51687a2cf645,bluekoala665,NEl4UUqp,ffedf46ab2cbc524b938131369f1415d83b2cae15e52a1cda99cc858303841b3
432,26e13645-3e46-43c9-8759-a940d00bff71,crazypeacock364,JXF0ubYd,cca9c05cb7522f4740a6c33a0dab8d7053237362942653d3ffb68f55c8012034
433,5d9f0354-39bb-48b6-af4a-bf503dfda6e5,brownbutterfly570,OHkiLQIN,56ccd575acceb15db6a77a879dabc5adb2ef4ccd43eaa8b64acd9a85b619c94a
434,14ebd88d-3fb8-4a64-b529-c60fcf85e243,yellowtiger869,OfguAbCy,4df2290d0054254bdf4e089b0c8a298f9730dc8b2768c861714cb6b6997047b3
435,baae6451-9b47-4b50-aa55-1fcd3ac1d753,bigcat196,mvJ6ciiJ,7670b85d043e345ad22787e2ae774c2a019d72f81df48a5255da055fd71e1133
436,58955328-433b-4f5f-a0af-8b964bdc1861,organicmeercat778,QySZrKON,3440220c8d93e712e57a98528c9b39e8cfbc7ecdcd51d26bce28a344d6435374
437,e10789a7-0b17-4979-86f4-beb3ebab5902,tinysnake836,hI3nyKVw,c105aa73805c6d6d9fac543431e2d0ff6df9dbd90017f704dcf06b4e83992ef0
438,86f9768d-6ddd-44be-a1a4-95cc73364354,yellowkoala825,NHAyXvKs,2ac7b3fafb4ef41347225c32af709a36bdabba0063c6dc4a735b98e3c1f6402c
439,50e3af60-9874-47a7-97b3-81e001754330,blacklion683,PtLSN987,7303c83e5248afae36517341e65e77a4b3d112164cd08c05f7acc6d43712ab59
440,30c19243-3daf-4353-b457-f194274f839b,smallelephant774,jo5w8KzB,5487360bef3b74d65740108e806cea14c1817a47c1846d51d90d62403fa8c132
441,245e6847-a7b5-4039-a6fc-5514bd0366c6,brownleopard701,wnUgwKWl,48e34f05eb4383963c594ae7b1a4f7db70bb3f3bd0a4f899d494f6cf714fc6c5
442,dda3594d-0fcc-4f7e-8b6c-00bcf0e8b08b,sadostrich981,BamkSYwf,398ebe6b4ccfcb9c13005e5021e402bd09601b7a58616877f398f6e83525ba42
443,6616e7e3-35b8-4413-a09a-365b6c12c11d,crazypeacock388,KfFAEG9V,4210def459f4012df3b74b98070501f6e78aae3275d65e9de45a715cf055ed1c
444,8053f4d3-5fd3-4176-a808-f679f4a6f631,purplebear762,yb5C943v,ac10c52f73e9f5f78bfd07351242f75203b9ee7b0d35a833cb4a527022878c9c
445,7e564b9e-e7b8-4b29-bc9d-27df5314df3d,goldengoose751,9RDR9d1H,7d8db3ff5cd8db7ace39d58b1505184bc1b06200f5edbf104564bf2f7a035000
446,768dba49-5c2c-42ae-8873-de0f61f982bb,blackpeacock463,o6HTCmKY,e495760f6efb1c7278b273451765af818d70198fc9c953a5b2b124bedb51092b
447,db83ed4b-426b-406e-a7d7-c092f99067e4,sadkoala760,N42xmpmW,37092439de36ed90453ffcc40fb0ce7ca6680297593ae6e89f3d7635293be783
448,6b43c5f8-8c09-4f7d-bb8c-9e65261f10c3,lazyfish905,12aUCIyr,072bde0d65c5269463429f0990b6d183fd5aa51be78b2f44c4224eba8892265f
449,f0efa46f-4a64-40ea-bccc-e15695695f88,organicmeercat667,EKi3FpNG,24b48037db579af316bff08b76ac09afd7f7f6328be6b5ff5677d66aa7c9353b
450,34bcc137-2b40-4cc2-be12-c47752987f3d,organickoala467,j8j2jtyU,58ea4367b61b8d1ddf756b8fe0f6b870423d3bd978f3224deeb731a159d7c725
451,17a41efe-8189-449e-bd49-53da3fa98185,angryfish450,z2U89Whu,1a33c43a2cef39bec228d8b216e75f5e4292c761a0ac7bd11d2a2809698450b7
452,6361daa8-4936-457d-898a-6ef1e6bf041a,heavyleopard621,xIcUoGSm,7999681b89f51d96beee59979708aa6798a9943b720041243fb6a185d991b998
453,d013d2fd-3808-45d9-8784-c0dd94e2fabe,bluemouse567,7G6eRnM2,fb9d6f5c7a84c290ffe43f14671f079a34762e67977b4436f97e293266f44899
454,2a24c5da-b309-42b9-9edf-f5d88b5e10b4,beautifultiger826,0qmMYlqi,268050e0445c6497d12f1c5d5224364316e153c543d1b776b698bde25e939978
455,2355c88b-f3e4-4c76-994c-1facfa208f2c,goldenpanda502,yeVbb18k,74a943628eeadf537246e48fd8cc3b0944e072bc8e2118a6b274666b89502ecd
456,186b0219-3ba5-4981-8c49-962def8922b7,redzebra971,p6xpreoy,852737c328ea10bc075c7693595412ca671d83664e7183c9b2393117f36c2168
457,1f628334-b45d-4e82-bd2d-143b9ae265ad,lazybird483,KCqMZYq3,0938554e5c4d2830a417271d78182ce79c71eefb1c9cbaa0e7e2db24fbadc718
458,4e988366-f1a8-495f-a046-bdeaf9625d22,redtiger623,W5w2xEyl,a3ed91ff243d5060ba62bf259f8045932bbb5116fadc5ac769a19fa950c7c6ed
459,63bee658-c42c-4270-9720-a744937e2b6c,bigtiger285,rm8c7XLd,4f2b66d8620d909cb14136d876ba8a66da90143df4429f21ff5e65338f007de9
460,f1e7b98c-8fee-46e2-9572-be33d7fde427,angrybutterfly191,C3JCIfv4,d2e54450c38c3fcb632cd15557953743c9d73e36e06c7556f69d8d93e2835cec
461,fc2deab5-56b1-407a-a7cf-c7fac2e47916,heavyfish152,w6HCrVY3,248a54393bf4ab5b364ce011990128c0e78957577f72f1ac40375a8a81097291
462,17e482fa-55e6-4920-90a7-0165761b2469,whiteduck679,dICud25O,ffbec2d0ff3b755dbf1d325f78482a39ceee0d931dcc5ffa61bed648ae3724ea
463,45f77067-57db-4883-b77c-b652352865c6,redfish354,tmIboKmC,44553f8e2c35308a27fc8a7844674900c3383d7b7d0482b3f0b8425995b12c90
464,b4f2807a-79bd-4955-a07e-467a4f695c4f,happypeacock579,1GXyKeS2,616f8fe282bab315fdf99f0a891dab8a90742b89015dc04e0eb80cca6545a3f0
465,c8dec87a-b5aa-4ccf-a409-3d2b5b303bd9,bluetiger301,cBaqe57U,b9ff941f57360d87acf03afd8ca6e5e3df7ea7436e6a2247cdb987b0976e3c49
466,4156942e-0c90-4edd-a43d-bbf2924bdaa0,blackmeercat486,GXfNVPNF,591b4a83a514953a77f2c1deed813e086420447349dbd3fd30cb724c08e5b76c
467,6399097b-bb51-4fc3-b507-d271b63dba2d,organicgorilla180,o8nRZrkv,b67761cb60734ae21875a30893198da55d787a4511fa41eb457bc2b3a9f6bdc2
468,ddd1d8a2-5930-4a7a-a54a-9f4dc6a46787,ticklishgoose531,1kJ76dNI,9e8ca27dea35621f7868d52aab7d191def9d90c7eff1f9ddee9ef08357b9f875
469,a995de1c-1847-4da3-a980-07e6b2c5ac59,biggorilla727,gneXroFu,a2c8ff30df6196f8984c0d353932ef7facd72b5ba91ccb8acdcae4ce4880007e
470,6f3e07de-d2d0-465c-9070-38d59bea3f97,crazyrabbit998,h2NaGowC,65f38ffb0c00adc22f7b6ab45031ff7a6790136f92b79ca26564ffb5cdb909ee
471,b989499d-5182-4872-9b61-c8fae0380268,brownfrog519,9Vb7PeAZ,9153904236c0348c7ed3b391dbbd7139eeb5ed2e7ea105f63b014664936a5e34
472,c666a203-348e-4139-a7d2-b8c275603378,beautifulzebra263,j4Y1y5M0,f34a447b5e6e106c4e8c0559e11136aaee429da6a06c1289e93d8ea95b152a0c
473,f1b07163-80fb-4fb3-a8fb-abbd610e4e68,browncat251,OpVI3ZOm,27c5007319fb0fc739c96e891a1b74be0c83e893eeca809f5152d5d154a8bcc0
474,d40c82fe-9684-48b9-ab56-bceed706fa6f,smallbutterfly395,kcSaIdFO,a85b5fdc4838e40cfd54923c325d4973651f30a718f0e4ee1b07d015a64bd905
475,3839bdc7-ee7c-4b22-b1ab-5777f1f28793,tinyrabbit586,mMGLMcc7,57929b1b5aab65cc88658227b0b56ae5eaffff6e7ae2669f05569080837600c3
476,0a3167f3-6ded-4423-95de-b07dccdfc8bc,ticklishdog782,olLSabpc,2e22183ddcd9093704b0be88aafa9983010e66b29c66e5ffe4452017b3df404a
477,d616dd95-9bcf-49fa-969f-08e2a62c97ec,yellowmouse506,L9bL7eFk,3b970fc482b6fe3bd9d84f7f50b57765f3de0b813d6a1f9c3aec3e9728db6b2f
478,b50dc401-03e0-4e02-9cd0-7ba64d74235e,angrykoala886,80BeCxRC,d7a4e895e22d980248a7a25265d4ba09a4743d9c852a4d82142ff1f078ae4128
479,5adb9e08-dfa8-4a63-9515-9b4228232a2b,greenrabbit583,zCy6PLEq,12414fd3efc4bd1e65612f8df6a8b2adb94606d2a2d80646e6a4ba26f4e359dd
480,f9b88bfb-258b-407f-8dc1-62f454b40308,organicgorilla242,BjAaZ8Sq,1fa7e16466ec30de8fcf19ef05e128d3e853c4c903df58b8525e4ec8748fb4ff
481,5bae3b80-27da-4dec-93a4-ee4f76ed022b,yellowlion721,6pXNjYgJ,a91acf5522b9887c974bcce0d8ef26fcfd8bbb194b3626a440fba0d7e9eab092
482,f9dc3307-314b-463a-b434-62749bde7a41,crazybear211,WWKtG6at,735bba04303716e3a3f9ea159ef0d306f5c59ac32c466d542de2f2a0e36cb610
483,682b8804-0681-4dbe-b278-8a33f9dcb4b7,greenmeercat290,jyKygH3D,306c32a36fa88fefe821b9c1ba826245a25eff3993dc6b975972076431a6d450
484,5461b4d3-d174-485c-9845-04316a0e4c24,bluebutterfly604,iYNBxM0C,94e141606d7f50f5f6dabac048ca6c4b1d9891ec6e559e0e9c6bd71b5e1729d6
485,48b6b448-35c3-43df-8df3-61e8c9715e12,beautifulpanda625,gYvaHK9U,fe809ea55f82270c7900a3e847e343e5d7a0d0b4c1206c81434a19113f40eafe
486,11b24220-f072-49c7-9593-238a4239ae9a,ticklishladybug441,2LHl9sBK,4e113dc7e97cc851256a9d5275f5f0e4f9f4da987dbf1de10733e610fa8b2079
487,7d027354-5d11-419a-953d-f2c4fefec7d4,organicgoose754,stKwTHHz,b820374b3e5771d858fd932634981071a044590201c8741554f5c24fdbff31b8
488,cbc6dc63-8848-45ed-b9d0-a4335733d2a9,yellowtiger594,1fpPFQCV,13e9192fc6d1808c3aec258ef4c92a4bb1538997d72519986e87824228d23b2a
489,3e66349c-122c-4245-ad96-680e78864e15,greendog851,3IZostKW,af6468665e4af139b971de76a242445739eb796ed50e1ed1714111cf10420c70
490,961884ba-6658-4db2-a32e-aa4b39a24c68,sadbutterfly357,Rl7ujOvS,329ea0ced46347c14f9b4dfcb570d8c4f77892bd1df2682e650e17f3b8363213
491,1f643993-e7da-40bb-8d9f-62a9172f6dc3,purplemouse112,uOHZ7fJA,74ac99f7cf3dc4e975351a622791ed34771c287ab63e408be7562977aad9bb42
492,88afa2ff-066c-4ef9-8d54-09d6c792e9fd,lazymouse966,0nd4PlFJ,17dcb22c3e3e6ac31d522ad43ac47b826a8728cd0c5675d15b158a8b18bcffa6
493,3ab37515-1013-4688-a9d2-4a248b050294,blackleopard971,MFQXHrJ2,8a3d86ebc5949cd18ca51c37fec87c0959f7d3e613757f9742589db7553790fe
494,328b105e-5aef-4c8f-b9f6-4c25b1fc0c47,crazysnake330,zNwJSftq,28ca57997d83911be89dc74f41d66efa23dc500c6dc089a8fdc4537c90eaa7b3
495,d85a585c-03ae-4f17-94ad-9945070bdd84,silverkoala902,mIhKMpNW,e6f290e1291911db55d2fabccbbdcf4b9e0bc69343fe27d472a990b4b09ea72f
496,34cc9692-9abc-4bca-8d76-223058d4eab1,angrykoala446,Pch6zkqC,afc347245e6a0d8477cebd4fb80f7b83f66c8ae2a0fe6eef1ab214a1c8348673
497,44eaf47d-cb5a-45e7-869b-9659e333b914,crazyzebra268,pZ28jx6U,a72c5d1ec787006ba615c7a15e2dfde31234d29fe841d2f30c140b70d51e0470
498,d0f67f40-030b-4ec4-be79-7c75ab2edbe6,silverladybug373,rjy4ypQJ,2ca3cd70357d9ac3380a78f6faa90b3d3c0d06b5eae35af1723f5ef49a45a24b
499,8a7319d2-9c2d-4edc-bd68-c1a29471e7ec,heavylion514,FYw0gi3W,fda875cb5ca6c46bdcd1cbc49c24257f621d068c7cc55e0bd30ee239e8dab6f3
