,uuid,type,hash
0,004146a6-adcc-4e3c-87a7-bdd4f6d51980,,
1,a50bbbf4-ff5f-4d4c-8a37-b5f1e071058e,PPS,a6a28ef8e6f73da9885b9269572706fc9a3b67335c35c893057731d5b56f8036
2,ee4efa5b-36aa-4c75-a880-ea61c8e372d5,DNI,92d1678b34ae53faea4872ef85a8e49bd110d5c63daa4d10f88355978760e4b3
3,144310c4-b7c4-409e-952f-09598bb17776,AVS,8492afc3d603c1fb855cbb4c10f4bfb2ea32e5ffe25d093868ec5f0dbc2ef4b1
4,f5d50736-3817-40a3-b630-2b62219c79f8,,
5,31749d77-004e-42cd-bda6-1b82fe5f130f,,
6,35e2d86e-8abf-4988-80c0-0d73b2717416,,
7,12e724e9-2cdf-42fd-ac1d-b5b49e04d1f7,,
8,a833c061-11fe-4736-b84b-61928969ad0b,BSN,55dd9ff5cddea5f8aa59a9d803cfc69b40e5ca0fc8ff4b9417ac34300ac9e305
9,f7dc43be-b6f3-431e-b912-89476b8dc1ba,,
10,3f665bdc-9a77-4148-911a-6d459edf5329,,
11,3e6cdbc6-3dd0-4162-a448-b596b7428856,TFN,8347d5b1843ccd58cbd622f81ea5ba24b21e88889094418fa501319a9b8fc9fb
12,7494ca56-1738-49ef-8fc5-9d000dcaeb0b,,
13,79e3a121-d658-48a5-a001-65d57ca5cd45,NINO,52aac2c4b29f79f3e75337fde2cee304783674b5e3569b1a751cf1127dda650a
14,cd7fbd0b-8509-43b3-98ae-4e5ad28eb7c5,CPR,be23a59bc06fb26fb210d602ad9e8ca458ba68e82844c7c464f9e06c522a8859
15,a46fbbe8-2ff7-4345-946b-076ffa51fed5,,
16,ace84242-c40f-4345-80d5-cdca19f5e39b,,
17,cef90637-3bcf-4cb4-84a1-557dec3f3c01,,
18,6310df01-1069-448a-b5d3-0322890b8b71,,
19,e38ca448-3999-4759-b8fa-4c69ffe05c3c,HETU,a3171c301dd1485fa1170ddff86f37098bdb6c3662caf3997680ef7cdb1aab04
20,bc5282e3-f651-4b4b-ac64-f551951fb1ce,,
21,5f7093b9-a912-41da-8f56-4ba3ae052d4a,,
22,cc9142ba-129b-4788-85f4-6d28035770f7,,
23,7a81a346-a3b1-4164-971f-eefff1ce8e27,SSN,f71532b5767148fbf7d0bd405745504f3fc86ade3a3d08b09eee8dc9cbb44431
24,d856bae2-18ce-4885-bb38-bf16a56b162b,,
25,8dc55a28-edda-410c-b499-39dd2897514f,,
26,e1e8d777-456a-4bdf-9fc1-e408d944869e,CPR,74960806208cb981cd8daac1af066b0806ad5cfd2a51d9a3384a6635942bdba4
27,22333041-a46c-49e5-b7c9-714c06a3da7b,INSEE,5cae0ee4ce0e21f0c1716a357e211d06d1099c46f05f2b5a8114d23f0eb44317
28,7ff3f18d-318b-47f8-8164-87d0cde1f0f2,,
29,f879d02a-fa81-405d-a7da-73c9b4bf3b13,HETU,54074a314c9bd9bf3750cf417c6a3ff1f077d9cbffebe18ad7425d4515b68c2d
30,3250601a-1f58-4dd4-b023-7edfaed2e650,NINO,a67c82fe31d8f678a22fa38f16f25469f33276dfd0192b243d8289def5476bc4
31,3440e009-70ef-4a4e-82f0-3c515bcb448f,NINO,fab0e159adb6608de0c44024c05eef2b2f7fcde72f3331808a3743eeabb9854c
32,234f7362-9188-42f6-b8a1-dc41aaea3e30,,
33,f4e3695d-9309-4e94-af70-0362272cb733,DNI,e4a3ceb5b6ee729ed591a241d5d7f637d005cf4edc54f1368bd2ef134ba9d0b4
34,52825cc9-c365-472a-8248-298900adf3cb,DNI,2f5d3630c2c45b7edf722b491a0d466c0951f3b4c4211cbb7e59aacc5596c78e
35,505a55ef-7095-4963-a17e-299ad5669a2f,TFN,f5ee8a8b329f0fe79d1210505106282f9810b960654ab67bb0be7840df222e72
36,0762a772-5e8c-433d-8506-4c24260edae1,,
37,c81d9420-d5ab-4606-b735-086112ed368f,,
38,fbbc64fa-fd6d-4f55-a8f2-5a60e4702a43,HETU,9a0293de2b464d5d885d8cb58d2d0e172c26efc0bf5f35f64308897d8650d9c1
39,0e24e254-6ba2-4e04-84c9-00f7e3d475c4,INSEE,7c20903d5f0fe7914d9f2dd79349dde25dbb95cb5a41c8ae707e98c0a2c11130
40,3f9c835c-4b1d-419b-8d8a-8757cf5d634c,DNI,e50d4f9e9f62357dcebf02bfee732f8734d5e75732bfab30344a3eebad724de3
41,e106bf11-6831-4421-8a6c-364847e48637,,
42,b54cec89-1f29-4803-a825-2dbf595c2aa6,,
43,6278ec7a-b375-4590-8a10-f23cca012d98,,
44,5a1ac20a-c3ff-4b2b-b7af-fb98ffb41549,TFN,4b91e1f13c6b23fc8d0a3968986093fcf45e2aa6e9ed9104090c06fc83e2adba
45,8008737d-3bae-420e-bfd5-c65cf1b8ffa2,,
46,6ba71ace-c06b-49a6-83db-33d725878617,PPS,903ad96603d0c3818714e8f37a68810acaf08b37ce6d6397b38c4d8953118ad7
47,7c6e2002-f3ac-478e-88b8-20399373bb09,,
48,16bcc89a-9361-43da-92ac-b01e11799a0e,NINO,d4fa24ac9113831485192523209db117e4fb34c37716784eb88b7bbe5015e434
49,39ed16e8-29ad-43d0-9ba5-f2fe471bc667,HETU,a03c83bc997e77dc5d170641d1b4d6e549b885fb2248e96b1b48b791dd836939
50,57775579-3a24-4bb1-8f9b-0624f3559d2c,AVS,85565687ade45deb94095195d631795e9a9385039875e921957709b4ac880936
51,dba38ce3-d5f9-45ad-b242-cf3bfcfff9ca,,
52,c6c722b6-6d90-495e-b1eb-a97a82cf7ea3,CPR,ec3c75f06490fc0a515d602c0fcd8807a7951cc48c7f11e10bd14c9315e06759
53,ec335a86-895b-454c-a4a9-245c28981572,INSEE,44f3d177e6d75a6f83c5189bdaf43aa6a550362b32e4a6ea17ca0820bf937b9b
54,c9a3f0a2-400f-4069-8975-74bea2f4a803,HETU,d7c4d35beed50b6ac7148b4de0ca1d1104201ecf46c10566251ff6d38270e107
55,fe43e679-5dc6-40bb-95c0-597e7ca117aa,CPR,c24d6c605a103cf028eb6104bd7a3bdce6e6cfa1be5c0f1d399fcdc622915f7e
56,f008eb83-a895-43de-91a2-8d4057f86a15,BSN,92527bfd8301fb9f9c586c1eb11a0fdfd842153bf198038628466a2d7330cc22
57,e595e627-3ad6-41ed-960f-b98bd31d44d1,,
58,067de89b-2d13-4f1d-8633-cb8d0e4880ac,,
59,c8d6046f-5a28-42b2-9dc4-02c87a8577bd,SSN,61fb9042387badc1da3813fa8a01486701c71c081f0d9f841cf7ea7f44eb992c
60,319741fe-560d-4810-a675-abe2f106e52e,,
61,7f81f72d-60e1-40e8-b2fe-d2bcf4c6fe18,,
62,d8f9cafe-ffbf-48d9-8a24-317b2a4be4ab,DNI,021f866f4a3f8cc030fa35419145be907f6ef12b2fa0254512d09ac316119747
63,b0e80e2b-17d0-4a32-b8ab-56eab228f887,AVS,e9589874a58f670be4292850b368cc32929a14078184bfd7c084b0a766ac96df
64,c9a3a07b-7096-4c0b-b8a3-713904ebf236,NINO,05bf4ae637d21e883eded7de1752fea12b609d36024bd6ff8e68ba42a7f8e181
65,a4540be4-0bf0-4528-b207-17689cece9ae,,
66,4c62311f-2f9e-4139-a1a0-bdcafc5e6797,,
67,eace2f7c-f62a-4395-bc0f-38a16d67ba7f,PPS,d97858e4a0b2f3dd271a11fd06860fa967fe57f1ad062b572f45b8e8a1f73be9
68,414a0557-c420-4ee0-a91b-039b3d8faa59,,
69,67bbed88-f554-42fb-b883-1c726ff4dd65,NINO,2ecf2aeef62011da4acc5c3438acb37c41f6b6c7a38f7a37583a13834d7db8ef
70,c0c88043-fb1e-4c0f-9395-0a6215e2dee3,,
71,af2a0a57-dfff-47ee-8be2-f26071616b7d,,
72,b6b2aec7-8422-4aab-ae55-56305d465f29,,
73,976b5668-a82a-437d-8d24-84a855d638ee,SSN,028da8980c02c963a675ad2a351d45e519689ef03c06aceb010c6a39c47761df
74,68512345-e71c-467e-a119-ed1171072518,,
75,71c44a23-58ad-4e54-ab03-e2a0d948db4f,,
76,8c838558-7032-4147-8229-1046e11bae25,HETU,472e5486617dcbc9329ba04ddc1cc918e4e665d5aed352ef93b5d0c9ece16dfc
77,ab1fa5d7-933f-44f9-8824-1c0c76f3dbd7,,
78,c4c5b8e8-d394-4eda-a8ed-823746ec7d42,PPS,7fa9f16260bbc909e98a62a9a76a57c4056b1cbef40c7213aae6a7dfc538c504
79,221c1ccd-ad8c-4986-822c-2237a1fecb24,INSEE,66b4d8607069fc0382d3344fe0bbd41b867ee6dbcb79af1cb27966fc0fa23a9d
80,904b2179-27d9-4806-bab1-b7e8d329acc3,AVS,dc0df711a5d12abb7576088df7e024c630be54117cc638b2c5b6c7857354e9c3
81,c5b185bc-2423-490a-ab4f-e639155d6902,CPR,982d70e6147607bc103920f45818ac1efa60879b02b3e801f5d1a7c3a983534e
82,84e29097-069d-404f-90b5-6fe96d6f5a14,HETU,ca1a8ce17ad8992cf0939afdf0fe06041ad7c183250ce7fcf4b449a5efe57c4d
83,e453a797-57cd-477a-bc4d-835b6f8c49ec,,
84,e2896f7d-afd4-4fe3-aa8d-d92a4f8e5c7a,,
85,7d390ebc-d0f6-478c-a400-992b428a7b5c,AVS,c8fa5ab65e7112e327314680d0fef892eb4650b595d00aa4f0851cf3ce32717d
86,a60ef5ce-8c14-446f-b6f0-e21a61bee494,PPS,1702f4752486cfd1bf2f9e168da060e5ef59e76ddfa6679d033d0ff71befb012
87,f87b8cd9-9908-4270-b046-974ec47b9f26,AVS,a34c70c2a97f5b034c07e9a1f15e042a35d04aeb000ba9bb4bdc1eeefbdeb057
88,51f9f7ee-565b-4c53-8e1c-85f2e243bb9e,CPR,cc124ed3334ad67131fe47aa7e015bb176d5d2ae53b7ca7415d68156d73b7334
89,d8317339-3275-48ad-8298-38440ae1e373,TFN,65568371c430961703be4ef81601b2b85c1cb2433644b1b100400a252e9f8bbe
90,720d2659-0b2b-4cf2-8413-817d79a8e6fc,PPS,aea04a5f046cf586de8e9fcad6f22c2907421c59ee287cc520d3ee3f90506bde
91,27898b37-bc32-4496-82d3-079e1eabdc18,,
92,edf17f56-7fe4-4621-bf66-999f5315191e,,
93,524f8e55-2a54-4539-99c8-5b415393a4a2,PPS,153dfa7695b91a2e89d9ea6b5e70a2c80340b7c6321a721c673ea39470c8c574
94,a1d21af8-80cc-41b6-b62e-db53ca21ce34,TFN,9f15f82cbe2a353351ce5af6255ec329431e216e29d489caa464639bdb7c32b1
95,a7e5774b-c74a-45d2-8a9d-33be7d2e29cf,DNI,37edaa10597d35ebde575e330c2e001a12dec99ad16604cf5bb65f62fb0f925a
96,9ee8f296-bc38-4f25-b08f-eb1fc0999ea8,,
97,26806858-8eaf-4483-a2fc-7ee5e484cfe0,DNI,cca4bb096a48d1a54989fb63300a2b9c0c11e1d3209bbc7869567c616e7bada8
98,cf91bf1f-d29e-45a5-a8b6-1c0bc8948cc6,,
99,0975f93b-6d68-4b46-ae7b-dc412505360f,SSN,190713213c484722ab64e1f283f9787f428356cdb2a99125a125b03bcd9443d9
100,f9210eed-0199-4e26-bc6f-e4618bf642c7,BSN,e14063eab5b219c36d80355666a0099576df20daafdd139a1f13d00aedebc539
101,b3b10e64-bc89-4334-b5fa-7687d8e1d539,,
102,791dfcfc-6066-4da5-8452-53725fc4551e,AVS,a532310d5602019775624fc84c9f1e8e797ebce17da4b849d6b983981c0b8ab4
103,5ad1d509-6dc5-4533-83b1-7c5d4b6df411,,
104,c6cb2a0d-3f2a-45a5-bf3a-96ce6fef0d33,SSN,9c58d638bce73f3a37df43b0f244e1d838b82c9d977d50631593601bea6c52af
105,4bb558a1-e2dc-4c3b-8b03-031b44ecbef5,FN,0c6925f9f26c85b9e29f293ae304abc4db050a7443ecd904da98fabf4bc0668a
106,ec26d471-34cb-4bf6-835e-a64cc509a559,,
107,a7b51db6-113b-459a-a752-fecc3dec36e0,CPR,5f4e509ebef49add1ab25e056be91116e220205815c7a417fae3af80a35ad43d
108,7c33c3ce-235c-483e-b625-07bb47d893a1,,
109,29c052e2-1bb4-45ee-95fd-3a87ba3729f3,,
110,3bc8fc80-bfd9-4c62-8556-291d5dd1d616,CPR,9f3437cc1f74fdeeccd8f35ae86c9d2f2c254d39263ef2879ff8a45c80f24338
111,3972570e-add1-44e8-a735-9f1a9bfdcb9c,,
112,fd318466-a1ca-4f25-b093-50877bec9ea4,DNI,d1d4cecfa126e1083c1353c1f19137e19e83e94f1f0322a2dacbdcc34272cfed
113,2307dc1a-0a19-47cc-ad24-1501e770276d,,
114,a10105ad-370f-47fb-be94-99547479cb41,INSEE,0257bb3b66a237cc59ba1fde052f1083743cc0d3b64302012bddad8004fa378a
115,86c8cf1c-31be-4746-83a8-45b47eb1c5fe,HETU,2fd2aaf3ca641b389a7da5e90c542e3ba5bbeaecbceb1a87e54b05a4dea65f41
116,5967162d-65f4-4f4a-9905-ec49ec4d1617,,
117,2271cb46-e012-44ec-9655-05e5bbeb6ff4,,
118,7049d5b5-f5a9-4ca2-8470-1fc5a9acbd62,FN,20a04ad318b8411219c418bf168e9233cc636bca21a530370dfada4667730cf9
119,06ec9d9a-b3ee-4189-af1a-8627da7ad37d,FN,f64310d26ec5fb2fa8e7b066e4cd13cf28c363aec50323e2f5116df2653f98b9
120,2ab3361f-4227-4cef-9e1e-1d1023ca4a28,,
121,594a2724-fab3-4e67-8850-5bacdeac10b6,,
122,95e5b070-c33b-477e-9a57-84016b0d5081,,
123,4294531c-fed9-4ac0-950f-f5caab7a35f7,,
124,e3eeaf9c-529e-4068-83d8-83d7b6579033,TFN,42f1ecde2e9378bc533cfc47ca7f10392a8c50553dc75f4a5ca63150a6c2120c
125,89c06deb-7742-4765-a6c8-754e81ab7262,DNI,9a73c18937fd3c998477f56d40a709327f07bfed81b0aedf84d1c7ee91220394
126,2b0723ea-3e0c-4fc8-b176-23eadd7e78ed,AVS,78116d92ef03341a4965598cf492ad87fb1d48a65d7bed5aa357fb9b06e78a16
127,bbeaccd2-032d-454a-bd8f-3b664fe74d35,HETU,1d1bb7ed9596c1eb52bd14b4c4e8e169c4cce385b71ca04f6d0d8ad365816da7
128,4c5e528f-0e8f-4fb5-bd46-f127ecf01c5d,,
129,c4adaeae-557b-4cf5-8032-82990cf1f7ac,,
130,879899d8-31e0-4292-85ca-b50d74fc33e8,,
131,adfa323e-d979-423f-800f-1dc30f2dba9c,TFN,e93ef9e6e2433decd8d46b44a1de566a189b6f6b544d57ad3e8da1e468e22466
132,694bce73-4d8b-47e2-8ead-377597d4db92,,
133,6ffc36f2-1699-43a9-8971-f7e7f57b73ff,NINO,f81cfe2b1543be82d8fa51cb2431d0d810ff94c1832fd051e30d6b152ef7eadc
134,1addc08a-e162-44f2-8eb1-5ae1f6520654,PPS,c88d06a6043a822733576309f33ae5c849b2dc1defe46509dc74e339574ab7fc
135,60bf14fa-14eb-4a73-891d-aa093044247e,,
136,12168d73-7e35-4cd0-a228-6db810666c8c,CPR,a2653dfb0dc41dc5a9d2857e496ca78ac6504fa3a5371bb82ddb6fd3d28e3cb4
137,7a8515bb-5153-4f7a-8bde-3fbb59cdcb86,BSN,a3cc587f4cfe14f7ff5e872411ad177bf456437148918560a4bb3c6d384e7b2c
138,e39bf0c7-28f2-4357-ae97-b35710e78f7a,SSN,91c9ea6acdcba98b20c84c2a7a193ef54524fed9f849a6986dc110a677338b96
139,e59b5bb6-af10-4eb7-b67a-91a25b16cb80,DNI,2dce75499d129546558dab8dfab237bacb968105fcc6dcb717e9ba30cd921fa7
140,9e2c034f-3b1a-414f-9775-1700fd497627,INSEE,92281caff821217f17cc0804ac7b45cd67079f480a5361ecfcbe4d422133ecdb
141,9f65311c-080c-465c-84ec-2cb058ee878b,,
142,b25c5fdd-cda7-41f0-9e0f-a5df5dbc4ca3,AVS,3939e4f64ef50fb66d3fc9264f4a1bb8d972d6f1f813f88ec8b6108f4946f84e
143,6db7838d-cb6b-4a29-a0a1-fb0e221bccb2,INSEE,22d092bda5e5c68d135164c3bd802411b9463b8f85a93c47115e39a703623e07
144,49668d92-5b1d-41f2-8161-3e119211f1ec,DNI,41f07f08e3defc05771b0481be0eae0a922fbcd5cf5d97c14509a312266cc323
145,e4608f52-445f-48ed-b6e2-9dbadc90c3c0,,
146,6936617d-41b7-436e-8971-a0f875d26d88,,
147,5b10c304-fb95-4f6a-8a3a-38e49f0c45bd,HETU,c1dd7e63ef362b0c7d9e0a7d6df5b2c97f3d23bd0d66523a2374e2fe80d3d2a5
148,f5326aaf-86f3-40db-bdd0-30afeddeb690,,
149,0b3184da-7edf-4470-bafd-9ad41a832109,,
150,257d400e-39c7-43d7-9b52-81a4621a1e33,,
151,f0d23042-d3e2-452d-9fb6-439bdf28e172,BSN,ebacff3098cf7496f44113eff2d6c68da4925cfedf2b888ac9485fb75eecb8f4
152,e7132747-415e-42df-ac48-1b93139f6394,,
153,7153b915-853b-4779-b59e-ba111283b604,,
154,d5be1465-3024-4eb0-b617-2968fa9bc516,,
155,32a10d6f-a8aa-41c9-a07c-2f6d4378b9b8,SSN,b3aaace0254a4e02d5cea79457392c7d614137ad04670ff0c703f0fd914c7b10
156,921a88d8-c9df-494a-848d-bff838b91e37,NINO,d9cdba30e4c27b8f8cfda03a439bc3061644fbb8b4c10a0c0d534d4180d78882
157,44e36cf3-b1d5-4593-b347-57bd4d1cf9f2,DNI,5bd735dd84a10bceb0ea0ddd2fd44890351bc6170c29ecf2fe8816645fd5c09f
158,6b349b3b-bac5-46e2-8ea2-e3e29cd12e2c,SSN,1cf716b3379244b00ee9bafd08a61cfa57bf62892ba00c147de5783a69c58699
159,68d49b3d-8f35-4dae-89c3-8817631e3a9e,,
160,7b55d094-ad26-44d9-a989-3039e24569a8,HETU,0b11e21950564375408873b111edbf581d83309a0899472969e169bdf833bb99
161,09fa41ad-2bfb-43b7-95c5-23d007c1b831,SSN,4a2e5d2e9b261ba8fa8cfa91a71441e6b1b3a5fa909c1191fb3f0a42aea59ece
162,b54a8d84-7240-4071-9eac-d05f2afbcf8b,BSN,0d80ac6e2629b0742d19abdda9dd8eef54eb54d52e06299910feb9a0c3efa9b0
163,8b534844-2654-41d7-bed8-e98802a17b11,AVS,4940e07d991b2abc0975bdd43fbce13be5e1af3e6fbb6a1af670b244ef3cb6e2
164,993c3754-0b4b-4732-8d0f-bfe855322230,,
165,2cc5fa1e-cf9d-4a9e-802c-b7d8d61779fc,FN,1b965993b9fb8030f8014abed86e1b5dbea5fd2481d45fbd132a7d3eb0d23940
166,a3931ead-7295-44bc-847f-154874ed1eab,TFN,889d84bfe855720aebfcae4a57cc18f7765899ed8b96a5a6ac3e7057bcb3407f
167,5dadcfac-2493-44b6-9520-30c1ac91d319,,
168,d64a5dfe-6dd9-4ddc-a3ba-e834b410f2c4,,
169,f557df46-ace5-45c7-b43b-b9f65e9ed2a9,INSEE,76055ff854c383a660329319301091401ad4f9be80265421636a7d1ddf6614a1
170,72172964-2528-475f-bc3d-500bfffb0596,HETU,d89fa1a7f06933b6a0d572c57ced0a39813071fcd6cd966c25f0de302992b898
171,190c0a8c-6b89-4584-b44e-b5cda09c6c49,,
172,b3c48142-4834-4f1c-9270-9df53a54e5a7,NINO,ae122ac21a88ac2de09b5f379a95a32b59dc24acca9af72d9a757d455ef8e60a
173,fe672b71-a9c4-4470-829a-8237cc73c81a,FN,8e4993c91a96345aeba9f29f2c859668cd9c0896bea748d923e2b38a6576c434
174,74f018db-52d8-4cb7-bd45-f356660ef65b,DNI,4f825a85e87c0fba1e8b033a1125cd24aa9eaf2c41348776b49f736df364e56f
175,44e22d7b-e8d9-413d-92d4-b8d8144b4196,AVS,346a5610199d71dddbb71dd0f73fdf1148af256faeb5ad756c43e2e5fce6f5b0
176,7e7b429a-e4da-4926-9cc2-34c5b86ffe1e,,
177,7b066a16-91b7-4dc1-88ad-d63df0b23a6c,AVS,ac436e4be4c5ba17d91dc46ebdf52ffe5c8ff57d66ecd1b975cf197fb60c88b1
178,72d9ec41-0c3b-4a27-99bc-312c17d2c2b2,,
179,83218208-7a91-4143-83f9-dbda9a261f5a,INSEE,03658162f12dc0807163e2be414913c48a2712f3239811a5db5d324f334ca2d2
180,820dab14-2b0c-484e-b47d-2554817058ab,,
181,b5237c15-6257-4b6f-8954-88b71946f5dd,TFN,1739fc33073dd61825d5c55646c159842e37bf2fa4dae3deb2ef834a4f36ff46
182,aca12c7b-2957-4ea7-bfbf-1345b57182eb,,
183,4e40a320-a4e3-488b-8e9d-ac47811fd9d3,FN,805cc5595761efca8c95beb3152592c7e2dbd2f683b97b994e069c997c0fc175
184,f0021b2a-44f1-4407-aedf-0b268da36c3e,,
185,cf467b00-cec0-40d5-bd53-f7731e7e43fb,,
186,4df09e75-f401-4e3b-862a-48a7a732a32e,INSEE,724fa2afd4ff64b337555d3b6e5ec79e444264585a9a81f1828ae15d1ce9ff9d
187,ae715e1a-de86-4da4-95be-a9d1602442bf,DNI,dc8608ba28ba244e2e2f27f0d6c681b44228d0b8e249e6ce0de70c31a8ce0e4a
188,ce82c0ae-0ab5-48f0-a611-084f46dbb128,DNI,47b203a8314aeb747e78a2c157e97b93401d36ecde4fa778566919634683f8b9
189,10a4b842-7cf6-4db2-b7f8-7906cae7ebdd,,
190,176a54e2-5b0f-4db6-b8f4-9d065348e655,AVS,12d78276a9db9e8e0a68bd97fb259bd986f464da8c54fdb5a3fa565a86adb7a3
191,afd42357-0386-4ec1-83b7-9134bf993544,HETU,0d584767d574305ef18ecc477bd7a301a2b21d31a7fd3874fb89adef8af13179
192,9b2fc859-0e9e-45ac-a165-e5ee51b2ef62,,
193,4e5bf620-73b0-4b0c-a36e-863da02223ef,CPR,4d03ba52ae64f93907a840901d9d5ad57d6ea534e03f445b06e5abf888451496
194,f141b51e-127f-4b6d-8e5d-3bc10cea754c,,
195,a3edb713-71ec-4194-aab3-efd2ad5fc2f5,PPS,a981b5879d7f160657c9a1933e01b47562779a86455bf1268bdbe9fda60bcdbe
196,4434d3fd-5525-425e-874d-f3e0c9a1bafa,,
197,4dcf2c2e-9122-4bb9-9158-83ed2e408474,,
198,87976cb5-fcc6-40ea-bfd2-5047ac11bf83,TFN,51c6fe804b191de11ef5f94def1d9a3f60db68f9940da626679695f3d68e4d6d
199,fcf76c52-f882-490b-a497-816cc4ac1b8d,,
200,72bbf42b-c249-4f67-9b51-26dc9065d29b,PPS,1621d19471c1ff92378183afe21553d7e5a7234df6fd79ee04733043443b13b0
201,135a553c-be72-4e22-9597-4655a2792f8f,PPS,8c947f320a544a0ea8d9dcb20e69381fef6f282e227771bb0f84803eb961e3f5
202,2ab0a8ba-0b3e-460a-bce5-44a260573293,,
203,39f9ed41-55d2-4e06-bc62-a6200fd2afa0,,
204,ffd2dedc-4901-44bb-9919-bb4d638e6c4a,,
205,636d3c09-453f-419f-87b2-8dc09ee71bd9,AVS,011ecda5fb73440dbb10ab57b7f17aa54dbdbc9cd27fb40b06aa2c75e6925c97
206,f4128eba-aa53-4a39-bb7f-acd818461079,HETU,07431ed9c61a68e7ccc7ecb704d562e19989dbd49cfad0e9413aa4e285985f0e
207,3fdb7f35-1710-48a0-8715-6ed63d50474b,FN,6fb81e8f6f39bbe7c307f25efde4429a6d3ef3fd1c8e48ee988b7429a394970e
208,f450ae7b-6a24-42a1-9f35-19807e00e642,BSN,2bbf1c1b4d7ed7812345b1ef0ed2a4fae6104aae64de5c18826be1e1325264cd
209,c9aef67f-fc5d-4503-8b27-09acb51f3a7d,TFN,f2939c7047d9e1f7e2c36ba66df5cc9d490c6ac81793f711806436a8fe9ccd7d
210,3559a13d-22e5-4aec-990b-56529a73e4d1,INSEE,62b4ebc29316d74a00f400ffc3e89a7786aa371cd78f0eaf47b3fc36a0612474
211,fffe330e-95a4-4041-ad0c-f249b683de7f,SSN,2489fe9e69351a58f3d3c2bca4295812c9422fe994c3769f112e20b4467a48a4
212,8cc70bd0-3632-4388-a7ad-4a8cdcde108b,INSEE,15b9288c9c13b8db690e1e04d8b99fef50c1817caeee9a0a4b3d5db8340c05db
213,f9f1366d-d50e-42ed-8f06-6da19e738570,FN,830db88ea2b91e7c7f3c0e970b485687827d57342f1d1267650b8718cdda3df7
214,9cc192e3-aad6-418e-af10-c8bb63ace93d,,
215,2c065244-0a03-4f9b-8eec-80cf27a46947,,
216,4c9cd0c4-aaf5-4d2a-8898-836c38968546,,
217,95814a7a-48e9-4166-a844-a29d023a409e,DNI,60f6bfe6802c20c9f15fe490db7bb631768673c8654a7ca052016f1ec6a5819e
218,993c4183-4c88-4c98-bc14-f684e7440a06,,
219,26c97611-b808-4bef-9ae2-e2cb4f737615,HETU,8e0f0a182b7e7e5ab827f052e34c75f3bcefdc1eb1402f78374b28443de0af85
220,bf7b5b46-f962-4c41-bb10-32f7ee0d1c52,,
221,4164e6e0-ecdc-42db-980a-33b5be73fea2,PPS,45fa4785c61a3743d53e8008658f3b6586c268beb11a4980a3d934f52638db24
222,55e71332-a2dc-4c84-bdf1-0bc03c86c589,INSEE,c71483550711c97be429151f5527b513b94561f965f85bb7af6475d0de7211b5
223,c0d19bbf-f68e-4e25-8140-50cfe270f8b8,,
224,ecbb462c-6861-490e-aac6-582cebe391b6,INSEE,d3de3733139919f1c960f1418cfb72d02889f76832ceb7e90e7407b32238bb78
225,d867ca99-3c96-417c-a0b8-44d10a01d915,HETU,3f17e6a137385d9a6a76cbcb387e17d540de5bf67a7855fd0e9b4f08fa990d02
226,160782d1-b5c9-4882-8369-14749d4fda05,,
227,6ad7f569-e3e7-4533-a684-d652b09a97da,PPS,b2fd43803e691404ec7ee1e31ef970ef9b0d7dd6177a246367f1080d019aa977
228,806f1b7a-abd4-4497-8b95-b6db40ad55bf,TFN,0342cff0f82eb22c32900275b511487f04c77d067204a27cd42e95fd37fe8995
229,ef3955bf-3fef-452f-aff4-aee5e181ecef,,
230,95eca71e-7fd1-42f5-bfdb-991aa6620f05,,
231,ff99c2fd-fa46-414a-83f6-6e70cf96e2cd,FN,4cc7f55e6e7ddfc9d0b4042bee035971a564b25440424b82bdf4b3a938376039
232,21195f43-069e-402c-9772-7e9ab8c4466e,SSN,02ca1f47ea4bbc20e4b4a30ad3637951bc95fa32652ca957c58a1d2942d8dd98
233,6a3980d8-9660-44f3-a564-4648da7300c2,,
234,83f8b69b-fc6c-40c4-bb63-fec7dc670295,,
235,fbcb4547-1ead-43fa-91cb-996f97a1b904,,
236,c6c29231-c51d-464e-ab36-dac47bad620d,NINO,28e13eb5f2fd7576cf4a9f66558dae63427d17911bd0ebe31151d2129d7efebe
237,f54e962a-62b0-4a36-beef-ceb3e8ac5116,CPR,c914db895d8a7aa63bf9c021aee99fb080c271e37080198f33ec58f1edca5117
238,3c2453db-757c-49d4-a8a1-9f8c7eb09c91,PPS,04e8ab6edfddea3e03b9df5ef53fb7382d527ef86f1a95eff4fa3f407394a556
239,411e8e3d-bbc5-49e4-bcc6-38702db1ad4e,CPR,de8615ac4a40981a8ab498c059d96c7189cbf2ed3d183d37769b6bbd1404fb92
240,1275b6d5-f455-4f46-bcf2-06356875d4ea,DNI,dc85feb4a04e565a912e08e4007665200cfc0b7ef7f138aa6e911a303c11a6cd
241,d0011fb6-73d2-437c-867c-a8edc2f13910,SSN,eddb49a7e491a66b3db6569da6eee04c8654483acca322bb1911a7f4e97cf076
242,93839329-fbfd-4786-8462-c0d93b2e0ef2,BSN,64de58d8fe34ce4dd252b26090c75d7893a06ab38d30c238f731674c9c3e6b8c
243,123b2b92-8a4f-479c-96d0-8f7148859124,NINO,c0866d7febd9fe9439fb0e5741e6c346d8bd59592b4baeab30ffd3d01caf7937
244,e6d37d9a-cca6-44b9-86f8-c0d7a4cb8885,BSN,ac23fc51a9d7aaa999b5d85df68b88569bea631351861161cc084fc4dc966d45
245,d0e4ab91-c8f3-4ebe-9637-b89e4e918637,HETU,22792642db0d73da3518dbfc268cb790f32a770659160df424f0ab6fd21e8e9f
246,0eae6278-b25d-4294-80d1-51601477549e,NINO,3b3cec72e3fa541cb235f044a88c02d721ec5b2eab423af545999cf295cfa0ae
247,38e63d25-9b10-433e-a26f-a06ab7d6f52d,NINO,7a9c0cc40f93aa3ab91ff13470f50799953bed91a1c3be7ef2cd6ae528823977
248,cda0e794-c731-4854-b12b-a89a3240ba05,NINO,b6064fbf567839612dbc46df0d9f4f0f9968e3c97f2a27b22cba4547e6ac0490
249,abb0c132-e32c-47fe-bd1c-717999daa1eb,NINO,dd74846009f4467d0696a12c04b790538e9fb1cdd37bf1a441bcaca7920fb127
250,713138d6-f575-4b61-a647-2d5ddbfb245f,SSN,fe0b5c3e877d4d27e878209f9be56f30447d8f0deb06777cc94d752e261fc4e1
251,15e4de24-67c6-4fc4-afb5-a8b129078eb9,DNI,1776b8f984e6b8b1ab75e752643b07ebd16ad6627c74a6fe05d87852418c7753
252,450bede9-ee54-403d-90cc-aefc76dd8e2c,,
253,c5d319dc-11d6-45c8-a910-6ea5d7e04cab,SSN,ffc7a257860c01066f5601476a5ccb92eddbe3c6c0206c6bd7617b33e0857bf9
254,abc48ce5-4902-41f8-b009-b6c82672fe75,DNI,797f11b42154fe8c207c6b8a26f5ba4a85aabd956fe1e1339aea464b47dbf48c
255,f9587f08-060f-40b6-9159-5570fc9226d3,HETU,a6441a7ba1e4c9ed815280dc8a59806f2cd7e9549bab0b7ee4f9b299d87f15c0
256,44ae8217-5faf-4946-bf2a-648e15d8ca7c,CPR,146c4c0227e66b0e841708f0d62030dbe37178229eb67aa83d25047585ad562b
257,2fe7d69b-acf0-4b22-842a-85c53fff5468,,
258,4371437d-c3de-4c1e-b427-69ea325bc4ca,DNI,b49f821a9d1b8bd3050a6b92b4f849932aa566394931d906d3fa6ac838de8387
259,e09bcd61-8a8d-421e-98ae-fcc9967f0620,DNI,b2a631bb295db0e5ff481458064d833413ab7fa726a5e9a307de124c83df4e37
260,6fa7c36e-7da8-4933-85b6-23e75e2f182f,INSEE,9b409651ccc86a6d3b5aa1535538d101fcda1d78b5bc1dfe9a5c19314f09b556
261,b0b7247b-4909-4bd8-b568-f535eab0a51a,PPS,29463dfe9e384b0e9a27bdbb3d761508a44a7c651dacdf881145a431c28fb94a
262,17c13e12-e7c7-480f-9788-5a0eae56e72f,FN,f496ba15a8aa0d14ffdc474d9f54e0a2dee224bf693ed841ddd9d1d2eb1304df
263,a59a341f-371c-4128-b8c0-dacd853588b0,FN,dd5f96400047c4244f4a42d162efd6aa5ba95114dd85d0167537cd385d7f9bf7
264,0d7df379-3abf-4f3c-b5ee-953ff9d56879,INSEE,28bf286300cdde2ddbf4eed4797d94b45b4320243538e9de51035cd9bc5683b9
265,90abdb98-3d03-45a3-8f1b-924e7c2088ae,PPS,9a3e8160cfab65919575273dfbbd6cd9cf4723c1a8702f512ffa44447d59f53e
266,4d987353-4303-4ed5-8a3b-938f65e0bdb2,AVS,a3b787b590b13e7de2a841ca2894b4a5af58cc8b0c496b53a53f1b759ecc09ca
267,2e444d98-367e-4526-9456-666018fd3a1c,,
268,bab5704f-8ed2-4382-88bd-4efdf75c6893,PPS,15d8e1e1dea595b2231593fe50e627b005f93465da68e41cc3d62470da74a232
269,9db15c79-167c-4135-928a-f52393c067e0,,
270,83b1e930-fbc9-4a78-874c-e6633427fce7,,
271,f28f4ebb-9c53-432c-aab5-a48c684aadb3,HETU,f12786b56c88fdb112c717f89dba1da285a7d40cd98f001e5b1a6926670b271a
272,4a8dcffc-d8d9-4fe8-bc61-d1f8b090188c,INSEE,dfd4986aedd5e3ed15061cbecb4caa22326a2583912e77156270d2fbd92a4275
273,67a40c9a-389e-4e37-a76c-ddf80c151a5e,AVS,260ddb1b025f13c4fca8ef9ea0e9deec0003eb48339f4d1290c0cb26c4372257
274,0dd38098-94f2-4d7c-875f-aa550bf936a0,FN,1b9060452e1dd7fb15b4afd8c5621fa7468fc0c881da1d0b3c21bd87cb53d710
275,c9f0e767-03ca-4736-8a7f-849d0ff2b5a7,TFN,259cd39ca1767ca667a2cb551662a99e276c501f08d6241b014b9ef5619082ce
276,91a7c7ce-0308-4894-86e9-ffe30f747071,,
277,a253c153-3327-4586-b350-0e09001fe6be,NINO,c5d3f55e0a57d6aeb05ac0a9488c3889498eaf415ae19d368c477ecaa3ffa385
278,1415be7c-3303-4f3d-9c5e-c238577b4477,,
279,744c9bfc-4be5-4a82-9774-37d9c1ba023c,INSEE,e0b2e233d490b0352b99257bc9e6f2ed0b8cd3f03c7249366d74dfb67f46f69d
280,00e33cbd-49b3-430b-9ea8-dc1889522363,TFN,26ae3fbe5adb81c79ec91d5b334e1ee88e192c27fa2ba2a6be261e0df9bc2d9c
281,4e396c2d-be79-491e-83f5-e0a40a0dea43,,
282,fc977878-2799-4abc-b224-a71b103d4b11,,
283,60319724-8e78-4642-8a8f-6a457e52b2aa,,
284,88dc4fac-5882-44e8-aac2-b96a6b043ccc,,
285,58fc0241-4895-4bb6-95ef-4bd96b44cf5c,,
286,ad674250-deaa-42c0-b54f-f6f99a2dc93f,PPS,8f7b88acbcaa954f68788d8c3ff2302c8b6685a97f6289ce3c96dc9cf2278fd7
287,ae5ad18f-af4c-4455-b4f8-7bc6210e0a6b,INSEE,dd5d9bf2486a51267938491b00ebaec2538cef66622c2b633d359d9b7f6392ca
288,71a726bd-478e-41d6-aa18-5b6b2d67fad0,CPR,f6ba76de6c80a94de0bb3e8f999cd5fcf43e8b32574c79eb65e313e724225a7c
289,21efc763-e50f-45a2-a198-a1ef14aca726,INSEE,cdfb8a7c0e18dce8a9e945ccaedb1a2097b77a53ceedf786002045137dc60d43
290,ffc21f0f-8a56-4b98-9ac6-5dd8c6266086,SSN,0fc9627889e6fc41d32fc622b5a8969a61a313dea6eac51fb0ae840c50c4db1c
291,536a6486-8dcd-459b-aa53-fb8f1290ef24,DNI,abfc42b5c8ca96b84f99ef7951560f699c51f365e4dddd00029ab6a190994dc2
292,96022278-9ce6-40dc-abed-4214a7affa8f,FN,433309548a0f68fa29d0abe49e341797c85bebdbc91a562cb4cf8c43016a24ce
293,f1f6bf15-ccb8-48f2-88b3-9c6f01abe6b4,,
294,6a3fcb76-22a9-410d-8676-6c28abf9f2a9,AVS,0a4045fe9af2adb457b4505dc68e9dcc4870308cf595aff3bfc7a45590c5e33b
295,457f11ad-c318-4b24-95bf-229b0ac3df47,SSN,fa57d93bfb7fc238f92644eb9694d7d6a6edd9b6d6853f8b47eae88b37e88da7
296,6b830bfd-4d33-4105-8fa3-8bc471f52ee3,,
297,90fc3aec-0a0f-4d23-bdf2-7593b5ad4a97,,
298,41b0ce23-4eac-4acd-89ab-7123b4c2d624,TFN,64bfcd2d2e5c8d569cc9a7eb9dc33edcbfabf7f404ad2f84113577876e0a3d0b
299,8bf7aa62-2a05-42aa-8e6e-9a7967947359,SSN,e492da5dd468b7f84ba714431196ba3f89b56fa91da21ba1aa42cf6ae9ac13e1
300,290efd73-74b7-432a-8957-bf73c70a1154,INSEE,be39bad63646681547174d0be372e73eb1115865596651f5e082532603d6042a
301,4b68469d-9b33-4909-afca-dffa23ee2eed,BSN,564df1eb5b1b23f14aaa847a53e69b32fceeb19cb99eee40debcb5fdb401e875
302,2017e0dc-16b4-43b5-8864-d90064a1cfe3,,
303,84896613-e3be-496d-8d35-89af4b5c10b8,NINO,42ad55144292a8780443e23c5f8742c3c9999b0b6ca6a9fa58ea65f9f4099422
304,839cbd2f-afde-4ed1-a2df-be86e6e72f38,,
305,659876f3-40f9-480b-a095-ec6bafbf09ce,,
306,c4c19d5a-3ab6-4e6e-ad3f-4e4cbec60293,,
307,45de54bb-ff98-48a9-b0e3-16654dd2f544,INSEE,8e42061e3719615d121eda59a00e82782751c771326093e63bf5306a794f5273
308,70afccce-6545-4a95-9940-06e865672be5,,
309,1ea3384e-d923-4569-b375-f7068e9a41fd,CPR,e985e3451cd14863dd1ce57237afaad8be4e234d183a29ecdbc334e6ad7ce72d
310,9cddaca4-6e2d-4a8d-80d9-ea9aa26ba017,,
311,8a24206b-e81f-47a3-bf3d-58566af93472,,
312,bb9e030a-41f1-4b05-8a8e-fdac6538cf9e,TFN,2f1588d4fa3035337a7014969f663a8f499bd2fbd77440a4c995dcb31675f7ff
313,fcceb589-847c-484f-acd4-b1a1d47c1901,SSN,811a29653581d13decc579de3e63bdb32b920259b8a885edbe1409c9445c6be1
314,e01d3eac-2709-44b9-bc7f-2e214f0c9d96,FN,6ed26ac4a0be98666ae0c225f693a496547d87543d3da87b4036c0429d6871bf
315,26423880-1383-4968-92b1-d683e9c37edd,,
316,aa9846dc-9f0e-4584-8f3a-73e751037191,,
317,9c9a66de-f93d-460c-aa81-4305b719969b,NINO,5d6a66632097a4bbc8135e1b84574580ccf44cf478ac653538706065e6782d68
318,c406a486-3221-4d31-af8a-6a91b7fe0ee9,,
319,2e5beea4-c0eb-434c-8ec8-937b910b002d,TFN,1cb150eb6e2553c6b5bdeb6a3c720f8c986eeee278ea5c8ffd01cdfae5c8d4e6
320,836409e0-5761-4327-9c00-d0dfd7bfca84,,
321,c706b574-a254-4e27-8535-7d0716e7ae0b,,
322,52810d54-b45d-40cf-af8e-ad7b2ed601ef,AVS,0589fb192597828f9e21e07d427374cd27c8da0618d2e3f4550c8569da5badbc
323,e2b711c5-b271-49b3-9366-c7a02b9f9a1f,PPS,1355a440eb2bb11fa8c8fe96c374564d139519be8000cdb8c53f07ffe4618b76
324,3f37d509-5653-49e2-ace7-2c07de677445,SSN,14bd2d720aa507fb0d6628fc1ea3c210fc96fb9a1dc8129b69dcb9e4b9473d4b
325,85110d54-d181-477c-b0df-5d9b52c1d91f,CPR,7bcbabbbb7af8db6186b8a800605ddb8bbc119ec882bb496f68ead9493d6ff2b
326,ee29d383-b03b-46af-a15d-f0c5427eba91,PPS,6daa57bc6acfe0e024333a4979f74c51fd0843fb682ce33b715e018aeb72a09a
327,6d2756e7-0ff7-4e0b-a881-3fb02cce6840,HETU,4e7461f8f858e8595c46cd0c9ac021d4cdf86b7d230da832afa46f40bf03081a
328,406f04f8-0f19-4c79-af9d-7c0bd15347c4,PPS,984ffdb2ae5e6bd6dc027ac0422ae99b115e79e41e45cde2d9e02595b998265a
329,e41bf132-52ef-4ab9-96c0-3436668686fe,,
330,e494843c-f31c-4956-a1e2-85db60af65f6,DNI,9cc53b331e3a632e789e93e2975c6384ae29697c22195739e94c07c5e2e66ca0
331,123c935f-7759-4cb7-8930-7d7f7789dc25,AVS,6664024fc61311a3c7c70b0e01325b77d0b2d9880bed66cb9620ac7a04c71e68
332,b9e5b2c4-bdc4-49b7-8610-0fc2479690f6,TFN,cf9f21fbc780369ccf30e9a4d7f5ca6b5c45b3047ea5b4215926af269ea2c72b
333,1fa39ee4-ac6c-4cdf-9a0a-7843ad5f4816,,
334,933e7f94-3e43-4a50-afcb-0d8b0f741633,FN,6c1aa2a06bd73bb2b5db29cd5504203057040f9bec7c041b1392718c770f2167
335,7877c6b9-2048-41b1-b9b3-2b5fdc176891,FN,39b5b51afe8846a605f09927819573338cf9bf50893386177a1721a80644ab54
336,bf2d8bac-6273-4af7-9eb4-95fc66cd6818,,
337,10d8aa31-b6cf-4371-8e4d-cf9e6e30cb01,,
338,6a5649d2-b576-4a36-b073-91a31032f9d1,SSN,ffdae365cdc602dfcde703007d049fb8421dfc1c4e6ff7f42e1e97ac8cfb13fa
339,90b5e144-6b4b-4255-9181-8ae965ee7f1e,NINO,b42c335224498ac6a8cbc1f414695071d0632b8bef79912d8431a34cd1305b3b
340,9dbaf5af-cfc3-43ca-a0d8-0152281f8368,AVS,9d2fd6240b518d26badfd03ca0c8a08531169c76a1aa1cc5aace28f289841158
341,5b389b03-3550-4e70-8af0-e9bf35581ae3,PPS,dfcc83cde01658ca474a264a78856094f7f10a27ad5b57224b893a7ec7f8705f
342,60991dd3-3427-4ccf-a8e3-9b9875833a80,BSN,46eeb5108c24f7fb4d9806847b4f1d015d5356e86ad75537a768dd3268c30ebc
343,7f0150cb-e0fd-4336-aa63-ae75cb421168,HETU,069282256708a8c2cdd984eff5690f67f3deb75412e224ad01f0c5340e80917e
344,8f2bbd03-a2e3-44f7-91c5-c7f56688bb86,HETU,4479833f72a5040de9c6903433dd64ae31b970f3ade1ee081dbb32ca3dd1c03d
345,2c8dab51-2e47-4da8-ba29-248a3980573a,,
346,9deadf29-6640-4715-b2d6-cf1a618c6521,NINO,643f81a5f989db34493bee830a3b276a707b99339b53e747aa7b5d9ef27f92a5
347,8896f953-2cf8-45e2-baf0-75fe9e91eebc,,
348,08d7c70f-dfc1-4176-912d-703be82a97ce,TFN,4d34e7f8902f0f5a9b4c378da5ea2790e36cd1a84d415c9bea8dc3f709f5b557
349,e7bde749-4869-4b93-86a9-5c93c85650d3,BSN,e7ed253d8012bb5a9c268141427edc8da97ec15a9e94d5797c464e1b07e0f1e3
350,9a532797-47d0-4176-94e4-df882ce9ada3,HETU,438d36d7a097f410b663ff49e59c52acfb642a13390586cdb1cdd0ce2bf7fb4e
351,716b9295-c9f8-47cf-8baa-cb2577684348,FN,fdfe91c2a6e0612e7aaae40d5e6c31a5d592c55a7bf2e2400eb1e9360678024b
352,552d6cac-4f83-452e-9172-216ad23fa576,CPR,1e1fff3ecf6206549f09f1aaedfb104354dabdd8b8e9fbd30dc7401a35cac578
353,bf58f347-cdca-47df-9fc7-35aedd9f9cbd,AVS,6c34e63047ba2e1c4ac4f396834fc557ba17823831d07b61412444fad47cf19b
354,5ba81046-cfc7-47b0-8003-cba812271199,INSEE,4165852c458392fc238a0b0cd59c11fd76af495c6417792002c8099e4250eac9
355,ea82fca5-7508-45e4-813c-d0fdc0be20f8,AVS,fe412e7567f2bd46af492e2dde119266a1879d47522a139446eaec01076d031a
356,062bf374-6a8d-4561-ae92-e37969829c74,,
357,40d20548-5436-4cce-896c-45038d7baaf1,TFN,d89329919e5003ed47f674889df2dd02036e1b5ae1ff48d5f617da41aebeabaa
358,6cc56cc1-1a44-4648-8d80-dcf3838fc94b,SSN,3cf342f8be6a3ca4d46241b2ea9d935ee3b15313969c54def43928f4ff7df689
359,0c568c21-2a44-401a-81ed-d4c1c6098b11,,
360,751e18a1-5f3f-4da3-81f5-545ac3b01df9,SSN,7614a1253722b2dd2c1d58bbdb292b40d86487621afa6d251c7403274c49deda
361,2fd233ce-a561-43db-aad6-11b9d3f4e19e,,
362,2a2bbe77-f9bc-4265-905f-8298a3736043,INSEE,4d535507238785f33369e5241c508fd404d858ffb2f0984ad1cd926aa2ed13b5
363,cadf7a1f-3170-429f-b8b9-7f69a5e42c93,CPR,c1a9e4c3890ed693df7efd1fcb7bdec2ffd7c7a550b0ddfb137120c82ceba7a5
364,2413ac98-0d51-4ef5-a3f8-dc98e1b04851,,
365,0bdda73f-66fe-43e3-8eed-f8748ce15a80,NINO,94ececf9fba797c70c0316c871af9345b383662c992d9558859de12aba391dda
366,75eece24-b400-4c3d-b848-92827c9d9813,,
367,d3ce1636-55e0-431e-9f41-a9ed425baae7,DNI,f97370263aa0c484660bde4850a902bbeb512b268e09d898887a7859265ae82d
368,33e068d2-b44a-4a06-af2e-f7a853460d65,FN,9125a031d911ef3cf9de32b37b8ba522fb7e10836d2ef1dee3a7cf6247092761
369,8f9baf7c-4f78-444e-b873-f942b4d16b8d,PPS,59596a0501926d7b8c8be9318915cfb3ef2994baa313400a2408035795b7d910
370,1ef9dee9-d8ba-4177-80fa-782805f91ac1,DNI,8e3415e8befcf0edb2fe3c450e4c361a20230203aded282a0bb9d433024e6e4a
371,c4d7d15a-fd66-465a-afd0-11038820e2fa,,
372,5a01e27e-e55a-4446-885d-7d181e4c5ed3,INSEE,2e38f8dc52d236e8cd1faa47b689be76233cc0d9abd0afa0977c8bf26cfee60d
373,d1242811-582a-4219-9163-c15ae26fb80d,BSN,8bffb372450f595e8f1a88cb0f1da6d8300e825ab4a3f3dc9f0ee1fd89a03b28
374,9348a469-7440-41e2-a869-8aa1eb104411,,
375,fa635f4c-fb75-42f9-91c9-3a1c4cb47850,,
376,d78c1b0f-8940-4053-a5a1-7cbf7af9c04c,FN,3ad0a34dab62a6078baa2984ff4e25db4946ddc5e6577b1d6dadcafa46ab6793
377,177dfcb4-1063-47f3-b2be-f17890017a9d,TFN,0b1c9edc2ed7d38b633c0e08faa1972fc1ec4eaf206bebf53bea177db908bdac
378,c84114f4-a09f-4ffb-bc72-e60cb109e540,,
379,24704673-5cba-41c6-a739-2ae728998959,DNI,3f866c2ba58e5c7c1d5d3202685f43cca79759b5aaa32ef74e2546b427c83945
380,66c38574-4d3d-4fb9-96cd-3d62beceb672,AVS,b91b7ceff9aa9551c2cc27e134c0d53015b863240669aea473f89b2cfc4d1ef3
381,59fee507-542c-4534-9a68-992c51d216f3,TFN,a0a9bdbf021b513baa9f5d41d3d736bdd7cef820f70abbae955880d111a6376e
382,f0830b54-5a16-4d4a-ad8d-594ac98b0cf0,,
383,4e0b9d59-68df-4d24-bb5a-afa844df5685,TFN,7dcd78a976b45d7a2f8920595a08c34afa4801b89f38fbdf9e249f047981a60f
384,423d30c5-ce8c-4f10-9216-a2e991634f49,AVS,316b5094e14367a18115f3dc7ddc5f1afdf73a2d40be037e7b467bb3f7063c9b
385,4f755ceb-eb26-4097-bb21-299f48ab5846,AVS,35ac628fb6538016be56b93df10ec41a2c1ec095a40e00986c3e39f3838122ee
386,c4124a81-100e-43f6-9408-96f1513e86f6,INSEE,e3bf81e4aa48475e8c80a9cdd2a75cf365151d4b1fb6af47913366628d1a7bb4
387,0df65b5e-d454-4f3c-9b13-532cd66c4db4,SSN,cc97e2c55b844cff4ffee6ae6cf773c081f961d6edb939aad28741e179c81503
388,14011884-8f2e-4da9-b9f5-a73c65da79f5,,
389,31e5a2af-56ec-44bd-a1f7-fb57cd763f40,DNI,7847ac3b02f07a4adae50414fdb8f1428668a402b20cb59f1d9f069ab327d236
390,2e2dfc54-0a8d-431e-a218-ea8bfedb2bdd,INSEE,6231b517573b90855a7c20f4571c3eb90e07e95b4986730eb034ca61466ed33f
391,ff230ba7-0c0e-4827-8d86-c13c05dab4b1,,
392,0c031e8c-e545-4d85-b0c0-5469b7318195,,
393,b37e6e5d-a0da-4108-bad7-44af658e8930,AVS,545d7dbae2640894b01b9e3e7c35a0629be4feb8da1bdd6c1aee6f91a2a01d73
394,1798c434-c618-4708-81a3-3f5fc14fc9ee,,
395,b7b16f45-b731-44b5-86bf-1aee82038793,CPR,797d31ac3d79ee8d18298af910c1e67404b681d6c0aa7a71d8566a3ee7a4d39d
396,80ebafe7-f11b-4fb5-82ed-304210bd5455,,
397,b4a55816-4a9b-4cee-abe1-cb655250a543,HETU,415ee587202eef60d949475ad36d20a24e0d080ba531039afbe7cd1f2a601466
398,1aadcbda-2678-40e4-9205-0b6cb8738ab4,SSN,15d4c1aee15dfea30c74fe6eb4b6dcd7a08c32debdb857036deac1a544f39406
399,e645f180-4a0e-4c5f-ae25-1731575c9551,,
400,db33c6b8-5c10-4b16-94bf-1f7b820500b4,AVS,ca3ce24a41e6854e37dc2bc0c91fea14672ab4c7f3294aec3fc1ba9db0347d82
401,0e511393-d8ea-493d-8b63-d565bfcc992a,DNI,bae23ed4fb843b0ad327daa4a104e940c9523258cf7770e998cbd9fc43efb611
402,b1f12b22-0791-4537-81f0-4f22846d32fc,BSN,f0a869dab13072fac9d4a66205f14e54a46a7f7cf833d21e48cb968eab4a6d7b
403,c51438c7-4373-451a-9ea9-84985c7e03b8,INSEE,02e7220bde07cfdd4aaa652989764970896250dfe14023111cb9c7fee594c59e
404,4947ff7d-6674-495b-96b8-6c2dd2cb7d50,AVS,e7860a77700a20123290689f63e674d21a7cdfcd6943a27ccdb95e4316345bce
405,6a493c7e-ea86-43cd-9673-fb3767c7e749,TFN,76b119029e84996a835e73071b7336e07cadb81226263340a4ed16a3e295be24
406,0728defb-430c-4b07-96b7-ff98bb1140bf,TFN,292b23aeeceb91c63848e4d87456971d725de73fb216d3620507581b8270dce7
407,897b930f-ac94-490d-892a-6f85a7313216,,
408,939c92fb-1f8e-4e83-abbb-2a7a01adcd7b,DNI,576d0cc9fc6c5204c3f91d2b7c4ab508e9d6f2776baff111a400fc574e5cc63e
409,b5a82e36-71db-4940-bd51-f44ba64aedc3,AVS,3f9c4ff5c5c0772e25962424ab9ec32fb208c2454f5e8de7d49111d60ed6dfe9
410,73c38482-e0f0-483c-b8f1-f7a001da9d74,DNI,82305522c55a9a85ffe7f45a0287da7eb899afdbee74b5b9c41c88274270f9c0
411,0c5775fa-47c2-4154-91eb-aa183aabb768,TFN,f085fa4bdf695db08cabc2f6ac476406b9c4b2c802c18a2370c371e432ddac08
412,6e886cbf-66bb-49b9-b8c4-05ae8862cabb,DNI,7b7673c7fd5cc6bca358ee5fc2abd9a55784e02bcd2c345860f7285d2935d37c
413,e0aa7817-cc82-494b-8fb0-eaf7c43b3422,FN,13c51ed5aef1897022a148c7c75c7026c063657082c3931fd7ef8abe4f3c78a0
414,c417ac9a-e47c-44ef-bd86-10d5eed51ee6,,
415,eddea2ba-0977-4705-852d-254fca696c1b,TFN,55880ca068bf81a5468874100a91496e6457d18e26caaa19914b398c13abffd6
416,7d3f1fdd-2d75-48e1-b56c-a18897a0a937,,
417,f829ee2b-5794-4c22-885d-e4deedc54737,DNI,53ab947bd0fb81f10e813eb5f372c29c822ca1ad61c0da06d1930a65afcdfd0e
418,0816c008-c759-4b3b-8d4f-724ee0e6ab53,,
419,679e1ca6-7a83-4c64-b7da-3d8454efdbb7,,
420,5f1f2bfd-6422-44de-a068-b4eb40a889e6,FN,d477f1bc7774ba689e409c5f0122e0ef4094d2772997d958566c84a27528d985
421,78d19ebe-bba9-4c07-9150-d9a7c0bbd222,,
422,cb1ebe3f-96e7-472f-8d94-16a7a2f56663,BSN,1dae664d0c261ae064c250fcf68005b80eb1d3ccd68cb8bfa4dadb620bfacb56
423,86b4047d-1f2a-4228-99f9-94023bdd6534,AVS,df86554bd55c1bedeaef8693ccdb3d9e6ced41205931adaa0916ddb565db3e6a
424,9220623d-c98e-4b57-9a3b-545880b58568,NINO,3069bfd127741198d73fddee0fc6001e754ca8e30da5ee4f170e7eeb8f0527ea
425,737e0d0a-474c-497a-a306-2bc94daf79c9,DNI,4c51bfd03069ff9c2ba603a81afeb55a0947df958ffb928b4a593e0c51c267d8
426,7e52e11f-9f51-49bf-bed0-1ec7ba83cc30,TFN,ead2d0356cd1dba2e188a4d31b930332b620dfa85cf817596983fcd7ff6b474a
427,6bee7c49-7989-4e13-940a-fbad66ec3ccf,INSEE,42cdd4b062b988caad59a5e971c2c3425cc064a3caf9059e7f2768d72ff6982b
428,fd690228-b1eb-4fc8-a161-425cc443bc55,,
429,dfa7b3c8-9f0e-4721-acad-5c6e2cf97ee0,AVS,19eef5bcfc7bf3718bfad080fd7abe9c49ed36f6197b5da554efeefa860b24de
430,fdaa027d-7e84-49f8-b526-3b8c0de044ec,,
431,4988d37a-504d-4676-9f12-51687a2cf645,,
432,26e13645-3e46-43c9-8759-a940d00bff71,SSN,508d9582678337fcb2beb226dd25cf5f56debfaea04582f7f6b7427362ab2479
433,5d9f0354-39bb-48b6-af4a-bf503dfda6e5,,
434,14ebd88d-3fb8-4a64-b529-c60fcf85e243,HETU,a4759a80fa98cd69250c978c3d0452c4155178c57811fa25f5251ab52e10fde7
435,baae6451-9b47-4b50-aa55-1fcd3ac1d753,,
436,58955328-433b-4f5f-a0af-8b964bdc1861,,
437,e10789a7-0b17-4979-86f4-beb3ebab5902,AVS,c58bed4e18a3dfefbace6e670df9315e70f15fdfd56126d69e0f79a187bc914c
438,86f9768d-6ddd-44be-a1a4-95cc73364354,FN,24096b53dd6ffe60bb23699516fdc2ea69d0660e53e4b150a7e3360475babd0a
439,50e3af60-9874-47a7-97b3-81e001754330,FN,1772d22385bb0d58fb2b922c7a59264a46b1ad9fa91969626480bec8d7201c69
440,30c19243-3daf-4353-b457-f194274f839b,PPS,8437a46274dadfd9308fbbfde02b8b20f82406d0ae1f79d702026fea6789fdb3
441,245e6847-a7b5-4039-a6fc-5514bd0366c6,PPS,781aea0d620765140006b8129066a94c55185c9dc027c50a02375b288fb74c09
442,dda3594d-0fcc-4f7e-8b6c-00bcf0e8b08b,SSN,7d2b54967b51b038814f2a88d1c35e819cc841953c5e20d210a2495674795283
443,6616e7e3-35b8-4413-a09a-365b6c12c11d,,
444,8053f4d3-5fd3-4176-a808-f679f4a6f631,,
445,7e564b9e-e7b8-4b29-bc9d-27df5314df3d,,
446,768dba49-5c2c-42ae-8873-de0f61f982bb,,
447,db83ed4b-426b-406e-a7d7-c092f99067e4,,
448,6b43c5f8-8c09-4f7d-bb8c-9e65261f10c3,,
449,f0efa46f-4a64-40ea-bccc-e15695695f88,TFN,81a2db8c6e8b56ed7be71d51d3c5e39c6ef82a893587c8c64234ba982f600fff
450,34bcc137-2b40-4cc2-be12-c47752987f3d,INSEE,391dd04c51df01de3213cc43dff3f796acf7ca9d7584cbffa4612396f7e0cbd6
451,17a41efe-8189-449e-bd49-53da3fa98185,,
452,6361daa8-4936-457d-898a-6ef1e6bf041a,,
453,d013d2fd-3808-45d9-8784-c0dd94e2fabe,TFN,99ece42e9a94a484e383102931bacd0ade934eaec82939addbc3a642ce66c673
454,2a24c5da-b309-42b9-9edf-f5d88b5e10b4,FN,c15ab755f7eace5cf50bfba18bfccdfd03453970f9686503d2437dc051ba4a86
455,2355c88b-f3e4-4c76-994c-1facfa208f2c,,
456,186b0219-3ba5-4981-8c49-962def8922b7,CPR,4bebda9937286a186c1b0b418c1e4655635afc97b3fc9dc6687698c391c936c2
457,1f628334-b45d-4e82-bd2d-143b9ae265ad,,
458,4e988366-f1a8-495f-a046-bdeaf9625d22,,
459,63bee658-c42c-4270-9720-a744937e2b6c,,
460,f1e7b98c-8fee-46e2-9572-be33d7fde427,AVS,444ab90c30a16efa19ee26839cd325b10e4e11e7df7935c6fda5aacee7e3a8dc
461,fc2deab5-56b1-407a-a7cf-c7fac2e47916,,
462,17e482fa-55e6-4920-90a7-0165761b2469,PPS,85a59ba7600e1883f5defbba5acbf42e42c794119ce6761e0f1560f736e5b5ae
463,45f77067-57db-4883-b77c-b652352865c6,AVS,8053d0dc1658e0b33c784a8c00dd9a2b456ddc025174fb0febfc684ca9b614aa
464,b4f2807a-79bd-4955-a07e-467a4f695c4f,TFN,e374992cd0c0594f307c1daf5cf7228a165cdf064b406c08ff55e954dd316a72
465,c8dec87a-b5aa-4ccf-a409-3d2b5b303bd9,INSEE,44bd6ea9ebbd4ea1a41c1fdcb2453d9d4ad5d9afdc992909f745e78f9e82f30a
466,4156942e-0c90-4edd-a43d-bbf2924bdaa0,,
467,6399097b-bb51-4fc3-b507-d271b63dba2d,FN,a0835680fba90ff9c9c5906ca0691a0577b00c818f866f16b1a145c210f1b781
468,ddd1d8a2-5930-4a7a-a54a-9f4dc6a46787,,
469,a995de1c-1847-4da3-a980-07e6b2c5ac59,TFN,9c1b8589ca0e03b1e3bd8ced4379c7460a6d165b54c53cb9c634898b5d5f3da2
470,6f3e07de-d2d0-465c-9070-38d59bea3f97,CPR,cefb97de1cf3aadef3adfc1f8a10afe2f8a23a4416202e49b6f640dc8737fa16
471,b989499d-5182-4872-9b61-c8fae0380268,DNI,6cff897bebcc9d7d43294dfe72b6343a73c6a6d51152e6d23079b37ba2fae600
472,c666a203-348e-4139-a7d2-b8c275603378,SSN,9a5207d9c0e3ffcf3d47006fa8932da06463b587eab2dde973be9f6a181c3966
473,f1b07163-80fb-4fb3-a8fb-abbd610e4e68,CPR,59021b22e96c67cc1d2addf48d98a691dcb49a08f3168d11795fdb3d1d319635
474,d40c82fe-9684-48b9-ab56-bceed706fa6f,,
475,3839bdc7-ee7c-4b22-b1ab-5777f1f28793,SSN,aabf94d29eb8a6b8c389785d9d283f2bb84805b624280f10a1d7eb9c91454e05
476,0a3167f3-6ded-4423-95de-b07dccdfc8bc,NINO,80580a7e4790ce6ca319711106d8ff8cdeee497407bdb6290fa4ba43ba838a47
477,d616dd95-9bcf-49fa-969f-08e2a62c97ec,FN,f4d0530888ebb5740e7e1c614625fa7f7f6ed4bf3c23ded117ded5d63ed1e5dd
478,b50dc401-03e0-4e02-9cd0-7ba64d74235e,TFN,a1ca6495074db035d00e4847e36daec8a20c6eb2286eb208bc45111d9275474b
479,5adb9e08-dfa8-4a63-9515-9b4228232a2b,,
480,f9b88bfb-258b-407f-8dc1-62f454b40308,FN,ace16c6ba7554cf55d71f7b74203e4fffc0b63c5f2f557d540f7ec0e0874cca1
481,5bae3b80-27da-4dec-93a4-ee4f76ed022b,HETU,7adf2fcee1dbebf067d8261797d199640b91634a4ceee4019d3776509a2e4338
482,f9dc3307-314b-463a-b434-62749bde7a41,,
483,682b8804-0681-4dbe-b278-8a33f9dcb4b7,PPS,231da76b039ce0fc855f69594ac4b9c0307a0bcd6c7e07be19df8688182eac87
484,5461b4d3-d174-485c-9845-04316a0e4c24,CPR,778dc4ea4a3277c31f6c87840e43fb6b83fe80c4183d53d663e39ebcae4eafec
485,48b6b448-35c3-43df-8df3-61e8c9715e12,DNI,1aa7fd11f5d800acee2cec24a7509346077aafeb9d53e0a4ad9e2e455908c87f
486,11b24220-f072-49c7-9593-238a4239ae9a,PPS,23bbb828af28de213a6c15dd5106c540837367639cc38b6b6c2406c44b1f9518
487,7d027354-5d11-419a-953d-f2c4fefec7d4,,
488,cbc6dc63-8848-45ed-b9d0-a4335733d2a9,HETU,60600915f6b412bf78b50b3465888f31b2cc7c063563328407e5085e6ebb3248
489,3e66349c-122c-4245-ad96-680e78864e15,SSN,53d194a055af597bcd66739ad274a98ea82884432c9569020b9bb8a69d30d22f
490,961884ba-6658-4db2-a32e-aa4b39a24c68,AVS,2a8d296cfc04845eed8e625a5cd5a7dc292fa582f72b2d4f2190343efeac1852
491,1f643993-e7da-40bb-8d9f-62a9172f6dc3,SSN,0ed73b816df0d2e4a862f205d882509aa9a587026dbbd9bdfb24f2077b73c19e
492,88afa2ff-066c-4ef9-8d54-09d6c792e9fd,FN,10d240f46adc74d2148f5b6c1d0de7800fda05a70ecd17d13e61f955e642dcb9
493,3ab37515-1013-4688-a9d2-4a248b050294,,
494,328b105e-5aef-4c8f-b9f6-4c25b1fc0c47,,
495,d85a585c-03ae-4f17-94ad-9945070bdd84,,
496,34cc9692-9abc-4bca-8d76-223058d4eab1,,
497,44eaf47d-cb5a-45e7-869b-9659e333b914,PPS,3f52b05b81c3ac5e05781135acba8e2c0c1ad5c4c8da9682287337bccffb2c69
498,d0f67f40-030b-4ec4-be79-7c75ab2edbe6,,
499,8a7319d2-9c2d-4edc-bd68-c1a29471e7ec,AVS,a2f71687073b821c8f078715ce9b19b6ac89bbfe90f4983bb9cc65b8263947d8
